dataset,true_best_method,pred_best_method,clf_correct,true_gain,pred_gain,gain_error,true_baseline_score,true_best_score,proba_ADASYN,proba_AHC,proba_BorderlineSMOTE,proba_CBSO,proba_DBSMOTE,proba_KMeansSMOTE,proba_MWMOTE,proba_RandomOverSampler,proba_SMOTE,proba_SMOTEENN,proba_SMOTETomek,proba_SVMSMOTE,proba_cluster_SMOTE,proba_distance_SMOTE
openml_1002_ipums_la_98-small,SMOTE,SMOTE,True,0.16387704946336473,0.1282126578486599,-0.03566439161470483,0.45617139959927794,0.6200484490626427,0.0009431116464711311,0.0003754650203372107,0.02526292240083159,0.10763313665306601,0.011284966502222677,0.003652958050020489,0.00012665247258955727,0.12096340633578154,0.5589962086613534,0.05935898929253082,0.0019693164175742612,0.0418090264483927,0.06372078657495388,0.003903053523874642
openml_1022_mfeat-pixel,BorderlineSMOTE,BorderlineSMOTE,True,0.02172809763338368,0.06171722998471797,0.03998913235133429,0.9675713316021225,0.9892994292355062,0.0003423258280078425,6.22190376634038e-07,0.6791381808801261,0.03206608812758973,1.6364969534224532e-06,9.211965545290793e-08,6.926896759255555e-06,0.029193223915120817,0.00543460442657387,0.003962209526801581,6.445973569802316e-05,0.24066231197490837,0.00896584388327957,0.00016147399814943822
openml_1121_badges2,RandomOverSampler,RandomOverSampler,True,0.0,0.014038927991583251,0.014038927991583251,1.0,1.0,8.284252886769224e-08,0.1475236882131768,0.001122148681427308,0.0358877436474169,0.0022754520031241484,0.0005031956668794437,0.00015689303821020555,0.5705338258254503,0.004645526688222633,0.009150241855909767,0.0017165400284283952,0.08405445184490289,0.05603315992326064,0.08639704974106159
openml_1459_artificial-characters,KMeansSMOTE,KMeansSMOTE,True,0.006160397140261842,0.023225105422539735,0.017064708282277893,0.9085933355184004,0.9147537326586622,0.001080448171678191,0.008758278353186601,0.10089683289414428,6.175004496132951e-05,0.03431046382404421,0.7563301269576237,0.03567249103518983,0.00040511893317873306,0.03392816345452062,0.01550106924381141,4.00716834397124e-05,0.0009752469597905823,8.47687673315931e-08,0.012039853675663294
openml_1480_ilpd,ADASYN,ADASYN,True,0.12527858167504813,0.10551431060568885,-0.019764271069359282,0.5071055915409749,0.632384173216023,0.2716342589001412,0.09341773653846105,0.05988727146232761,0.007258825033143859,0.02140370104664612,0.0600183076559326,0.002485324769994953,0.07325897050150723,0.09382473505618402,0.21195570097225744,0.010248825563855476,0.031803126048266926,0.049417342716584475,0.01338587373469707
openml_1498_sa-heart,KMeansSMOTE,SMOTEENN,False,0.11884719174740455,0.08876451693656276,-0.030082674810841786,0.5641780343789059,0.6830252261263104,0.13773212283997907,0.0738454914932782,0.051254442934754306,0.006178213002667874,0.04552042147696215,0.18761620695589545,0.043886700977108395,0.06791633096553742,0.016606288316702498,0.19455896141693937,0.07020880114997365,0.06219868949203386,0.009621379092185725,0.03285594988598217
openml_1508_user-knowledge,CBSO,CBSO,True,0.14036892080299435,0.11399513840497563,-0.026373782398018714,0.7163400909711207,0.8567090117741151,0.00027491458525674586,7.719252932171202e-07,0.002383309632136029,0.8376405778008871,3.980298766276249e-08,3.9633255876827807e-10,0.01386354509645755,0.14534298894970887,1.838086515273851e-05,5.724039498008636e-07,0.000461890731743185,8.179617763330245e-09,1.8109822617733748e-08,1.2981520654414842e-05
openml_1524_vertebra-column,SVMSMOTE,distance_SMOTE,False,0.02371560971266784,0.02530781613696667,0.001592206424298831,0.7887360690481006,0.8124516787607684,0.011838833609470634,0.06811651831841774,0.04785095187843374,0.001240682026118094,0.042521098552995545,0.20216412100535977,0.01983634283675806,0.08274246817974557,0.03920267431342635,0.051396103421908146,0.0038392726680547638,0.18849719798207035,0.014648889528765805,0.2261048456784754
openml_1557_abalone,DBSMOTE,DBSMOTE,True,0.0061514802134856605,0.008169963684726755,0.0020184834712410945,0.6200412703749201,0.6261927505884057,4.478479006367771e-06,9.412860934619399e-05,7.095467117518417e-07,5.3971903849199843e-08,0.9544541876465324,0.013294633396571581,0.03210704272717723,3.70852636307015e-07,1.0769134900743546e-09,1.0200391316894886e-06,2.334992999607426e-09,1.934234517324113e-06,2.0769722581850766e-07,4.122938733293118e-05
openml_1590_adult,RandomOverSampler,ADASYN,False,0.02278243792189183,0.023348826179304307,0.0005663882574124778,0.777856035941123,0.8006384738630148,0.23139123025550234,0.032612930036397085,0.018833616098975808,0.1243858908989131,0.009596089702880065,0.010411156410623897,0.0004884805140558053,0.2008802854488004,0.12680493773991133,0.1656821769111242,0.0059535561056047875,0.012157579900168159,0.0496662190814441,0.011135850895598888
openml_335_monks-problems-3,RandomOverSampler,RandomOverSampler,True,0.0,0.009134072562247526,0.009134072562247526,0.9906839139292458,0.9906839139292458,0.016523580821990572,0.0006137799230444845,0.0012171134924728495,0.20711683942547143,0.12667754618557645,0.0022050695585884793,0.031752546067560866,0.3522533726152441,0.011724560357789501,0.15007599368246202,0.03789536026888881,6.55633329096624e-06,0.000597411651934176,0.061340269615685346
openml_36_segment,RandomOverSampler,RandomOverSampler,True,0.0,0.005525832317976263,0.005525832317976263,0.9717353615782912,0.9717353615782912,1.124249209604934e-05,0.02203795262169575,0.00013619470578016724,0.3645619333479028,2.6738256761228046e-05,2.026003567687558e-06,0.06221519907526527,0.5503557130642706,0.00031019219889181707,3.679937138097229e-06,0.0003389157374143863,2.0550865866267873e-09,1.0054755791382197e-07,1.099565714457389e-07
openml_375_JapaneseVowels,ADASYN,ADASYN,True,0.010411861838901415,0.012523250020044443,0.002111388181143028,0.9703745894140187,0.9807864512529201,0.7761140108711745,0.0010898538394400253,0.0087574072334075,5.303909317830196e-07,0.0002666254760557815,2.4472601011039215e-06,0.09213053536620103,0.004982263461092526,0.048366504574865285,5.061490393429745e-06,0.0021875636798343724,0.06259939404588404,6.52500046452733e-08,0.0034977370606139816
openml_40701_churn,SVMSMOTE,SVMSMOTE,True,0.04548888454632527,0.04954267118107726,0.004053786634751991,0.8381299367888465,0.8836188213351718,0.04556722796423157,0.03277566082079008,0.09456062250858116,0.037148856079197115,0.002450813159396335,0.030566670792451272,0.002475553846068635,0.020746179396317156,0.07298316041550514,0.028711673303075187,0.04062303530586088,0.5361758746358075,0.05248779682655422,0.0027268749461637734
openml_40708_allrep,KMeansSMOTE,KMeansSMOTE,True,0.13268064252793887,0.13134163330708204,-0.001339009220856835,0.5310949206225076,0.6637755631504465,0.0001267914871643992,0.00023115750262574412,0.122244088108776,0.019025981992546254,0.018895179218735108,0.7926865898495584,8.155796424820339e-08,0.017145821875439796,0.024679074089161205,1.9556446603410653e-05,0.0021594226619597997,0.001953234248613355,4.144861485974765e-05,0.0007915723459925421
openml_41143_jasmine,RandomOverSampler,CBSO,False,0.008583742684899365,0.006719716781139752,-0.0018640259037596123,0.8059254288242842,0.8145091715091836,0.005168724196468673,0.014495244027100514,0.24103051885583052,0.27957648287457804,0.0019549603602779485,0.00032873998956310787,0.0019129020013420543,0.13758672405138897,0.004138540729040452,0.007752892743288849,0.004355504053449689,0.04371564488460063,0.22061983066713206,0.03736329056593855
openml_41719_FOREX_eurjpy-day-High,RandomOverSampler,RandomOverSampler,True,-0.0049822458764328115,-0.004318102695279459,0.0006641431811533526,0.6117846251352655,0.6068023792588327,0.021980724315230366,0.016198798523447796,0.008499920395742051,0.004942992507000697,0.013696249313177467,0.026589394279168826,0.013362791658353804,0.8130700744184309,0.0006434715908343409,0.006443286943098982,0.0013464846252366485,0.001318516030891658,0.01470025212532873,0.05720704327405771
openml_41725_FOREX_eurcad-day-High,RandomOverSampler,RandomOverSampler,True,-0.010831121020160817,-0.007037123151469171,0.003793997868691646,0.6540242909083155,0.6431931698881547,0.010575567527993426,0.014011001298096485,0.005666153286154018,0.004649208305667824,0.02011736649269395,0.020215343826185075,0.010758778188660188,0.7833614817386232,0.00016384248032948274,0.0019525245864470515,0.0003279779185967539,0.0006903843140248236,0.02249323145629828,0.10501713858022947
openml_41746_FOREX_cadchf-day-High,KMeansSMOTE,MWMOTE,False,0.027282302857984164,0.028714005157483364,0.0014317022994991997,0.6270276317919218,0.6543099346499059,3.74553229435423e-05,0.0027465974919991887,0.002762532554068421,8.673599103860934e-06,0.013198417046676328,0.09574794343948533,0.5308045377081064,0.003085140001485182,5.3449834116448556e-05,0.054878189372629525,0.030799022666154512,0.0014883058036428134,0.026044154244376776,0.23834558091521157
openml_41750_FOREX_eurhuf-day-Close,SMOTEENN,SMOTEENN,True,0.05966510903551525,0.04582040871612466,-0.013844700319390592,0.4823421246832278,0.542007233718743,0.00020256343449835015,6.74352483589e-05,0.0032763540202281525,1.6044379701569623e-06,0.004493696483349886,0.14226424596113138,0.06137345125598695,0.007513708319870891,4.188647137148991e-05,0.5581600450642333,0.06134875269456987,0.0007000476694912494,0.000777160551651212,0.1597790483872881
openml_41763_FOREX_audcad-hour-High,RandomOverSampler,RandomOverSampler,True,-0.00033879029225714064,-0.0001517445103167169,0.00018704578194042373,0.6700614196570466,0.6697226293647894,0.01081390096190783,0.011075958209390415,0.003725400795807884,0.0025738667576722684,0.006197392515777848,0.02454907298544536,0.006965783013392262,0.8911603279523501,0.0018315572835839924,0.011998844255656874,0.002797637926415717,0.0015079726199427284,0.005439642258386021,0.01936264246427045
openml_41768_FOREX_eurnok-hour-High,RandomOverSampler,RandomOverSampler,True,0.000997891162908604,0.005684429534078357,0.0046865383711697526,0.6013103617160058,0.6023082528789144,0.0018760116514383867,0.001761836134980414,0.0008662352080649014,0.0019684171896944655,0.016872241121350155,0.0036076157366413016,0.0036231399348157184,0.6720602365401953,6.581867540396856e-06,9.871457338167484e-05,1.6893848084705791e-06,1.1548793480941006e-05,0.07583806050121852,0.2214076713623894
openml_41782_FOREX_usdjpy-hour-Close,RandomOverSampler,RandomOverSampler,True,0.00023009153617592482,0.004106625436233742,0.003876533900057817,0.5064108943474462,0.5066409858836222,0.010897138963395265,0.005445425178914647,0.003477788486597394,0.0032463281976068082,0.010449837343386482,0.011430211991872654,0.007322767426141546,0.8489257065542115,0.00028190522709860776,0.002668825788060244,0.00013082534182323185,0.0001595360273263932,0.027286903531792514,0.06827679994177267
openml_41783_FOREX_eurdkk-day-Close,RandomOverSampler,RandomOverSampler,True,0.026288846386282982,0.015556229845130732,-0.01073261654115225,0.45913715207920086,0.48542599846548384,0.010143699223943741,0.015921989628846406,0.006167581236594914,0.0032171184178529442,0.012015462962646386,0.03417516406007325,0.022631306503685417,0.8089158255126428,0.00010267537503644835,0.0015536342203852917,0.0007377750701662789,0.001353550788252193,0.015892087302266017,0.06717212969760793
openml_41788_FOREX_audnzd-day-High,RandomOverSampler,RandomOverSampler,True,-0.009385033146087518,-0.006058397336100634,0.0033266358099868837,0.6557175787148101,0.6463325455687225,0.02710755156173775,0.01623262285371303,0.010625190864831517,0.0054502592462067085,0.012017608793764217,0.030061724387905206,0.014815038651188042,0.8075833555732291,0.0010060774874020922,0.008938484861792155,0.0023135131230515396,0.002229162280972182,0.013679904883346033,0.04793950543086009
openml_41806_FOREX_audjpy-hour-Close,RandomOverSampler,RandomOverSampler,True,0.0022367073341459376,0.0012810962505928317,-0.0009556110835531059,0.5027293415297079,0.5049660488638539,0.015057392644930553,0.009664838226435157,0.005667932488481492,0.0037841728424291825,0.008271411173199884,0.019647725754359708,0.010769679099858619,0.8542307451017807,0.0006771470328187915,0.006138855437017672,0.0006593972267821694,0.0005574701321680436,0.01790583254321526,0.04696740029652266
openml_41816_FOREX_usddkk-hour-High,RandomOverSampler,RandomOverSampler,True,-0.0005271592397622094,0.00046444887292580164,0.000991608112688011,0.609722016371769,0.6091948571320068,0.011939184378080296,0.006403586454101115,0.004320590146153249,0.0036897516449919746,0.010061677517857364,0.01375713029524463,0.00825209720624559,0.8489846493421531,0.0003899782050564059,0.0035117643942915054,0.0002299131691959628,0.00028410491677888857,0.025378304779638487,0.0627972675502115
openml_41862_FOREX_eurrub-hour-Close,SMOTEENN,SMOTEENN,True,0.10958267119358367,0.09362597904488522,-0.01595669214869845,0.595291147290563,0.7048738184841467,0.00014036797815673513,3.531090723060045e-05,0.0009928293866559852,4.157595074024347e-06,0.0008403367344242751,0.0016656381134333362,0.0007991621884920321,0.0020146074291849496,0.003788151440193536,0.9533112896189289,0.005007091104318824,0.00031406000951967797,0.012698284018170258,0.018388713476216872
openml_41882_FOREX_audjpy-day-High,MWMOTE,distance_SMOTE,False,0.024676339348284948,0.02179810914224909,-0.0028782302060358575,0.6068160904432262,0.6314924297915111,0.00013825972676423308,0.005078398674105225,0.00781422555501955,8.261633996081865e-06,0.011251357416152475,0.10353758937063924,0.2717452796663124,0.010432680514169342,0.00014744365115913638,0.07982436417276126,0.03343019313251314,0.006616871487544189,0.1267222639809986,0.3432528110178652
openml_41885_FOREX_chfsgd-hour-Close,distance_SMOTE,SMOTEENN,False,0.0026195997845871455,0.016443023644131503,0.013823423859544357,0.5156660652969421,0.5182856650815293,0.00023933149413063213,0.004013474593036949,0.009235726889818574,1.4219005331563108e-05,0.017408348352650097,0.2249179958763329,0.1516212112479106,0.010884134253787299,0.0010484900637910102,0.27077527632079346,0.01633327896369087,0.0011611076834743854,0.0751996651885375,0.21714774006671433
openml_42345_Traffic_violations,CBSO,CBSO,True,0.0,0.02873462753416286,0.02873462753416286,0.8477847835924441,0.8477847835924441,0.011175230226600818,0.01931605612264423,0.0056656030511279465,0.5788408256221547,0.1371515787770074,0.04647825738451332,0.059949772296556084,0.056731711880784096,0.0014304541827195076,0.0017868576665675715,0.07865176607171671,0.00020814300890897885,1.4985155314798817e-06,0.0026122451931671637
openml_43900_amazon_employee_access,SMOTE,SMOTE,True,0.07550787213183163,0.0912672550267845,0.015759382894952864,0.6170895680505906,0.6925974401824222,0.07219573057938114,0.0005428922277812959,0.04393167999081214,0.02160229775019193,0.010156061778798658,0.05670986981003739,0.0001614340765112484,0.07230036785528887,0.562381496831533,0.09749689188633111,0.01881256256033469,0.00706424457503155,0.025673585603093976,0.010970884474873073
openml_43901_click_prediction_small,RandomOverSampler,KMeansSMOTE,False,0.03367640706945063,0.058009974523995055,0.024333567454544423,0.4953816726899656,0.5290580797594162,0.0015271236685105536,0.0001681341333770831,0.0003669031943452454,0.09399204783749926,0.08259795226819974,0.4146306006943922,0.049877682730541474,0.05327382185444815,0.28575296934207506,0.008764431464299408,0.006143012215920902,0.0005924219423880668,0.0012116867706811435,0.0011012118833217345
openml_43904_law-school-admission-bianry,SMOTEENN,SMOTEENN,True,0.05453432959387927,0.056112240414929286,0.0015779108210500145,0.6124408516724125,0.6669751812662917,0.18937664482557498,0.03878110713828132,0.005608616874290621,0.06467004687246596,0.02202413482188795,0.0287020166806486,0.006567808682512414,0.03703169367741432,0.019287580187746987,0.5485805346668992,0.028148980700439842,0.0009096040785069547,0.003080871800336474,0.007230358992994523
openml_43941_anneal,RandomOverSampler,RandomOverSampler,True,0.0,0.0003789868970613819,0.0003789868970613819,1.0,1.0,5.572986934452877e-06,0.00040162675875834677,0.00010852785036751517,0.19742133454580627,0.10344032297651226,0.009278382636016701,0.015776656725610388,0.5519703204263283,0.10736172999533926,0.00022356885455051919,0.0038233610461607787,9.786468921993636e-05,0.0009695448105861055,0.009121185697809184
openml_43977_jannis,RandomOverSampler,BorderlineSMOTE,False,0.0,0.0009160517422826263,0.0009160517422826263,0.7930047691260662,0.7930047691260662,0.005250916451754141,0.028967179290793867,0.41319043684046936,0.0016431525156071984,0.002160892544217277,0.052584328673605206,0.12412474997089716,0.05764187850704545,0.005211137053299269,0.021426599050540333,0.0677774516401518,0.1426039642996977,0.061601992308466004,0.015815320853455165
openml_43_haberman,SMOTEENN,SMOTEENN,True,0.21397166473203644,0.2132980853087335,-0.000673579423302928,0.3651183922952832,0.5790900570273196,0.29879595312338053,0.00013427914565573054,0.0029829777843095578,0.02017774749439343,0.03555439050130408,0.003915238855149675,0.0006391456749521773,0.10391683807442068,0.04477517221105379,0.4775722886591722,0.0015228303911049034,1.2525960268838951e-05,0.00030942878163998255,0.00969118334319437
openml_44033_electricity,KMeansSMOTE,KMeansSMOTE,True,0.00195821442791122,0.0038630044136801736,0.0019047899857689535,0.9022626094178395,0.9042208238457508,0.0003614563940360266,0.00599208537379102,0.0030239295829461374,0.004023059908743878,0.048261568872753,0.4175656585489124,0.2706999253632391,0.08295093517511234,0.09877177586959268,0.019859955905523134,0.011787639488835221,0.001217382524311728,0.016704388991756292,0.018780238000446755
openml_44035_KDDCup09_upselling,MWMOTE,MWMOTE,True,-0.0018705876595175308,0.0007562653643675215,0.002626853023885052,0.8218179000124864,0.8199473123529689,0.0007344391842118795,0.04693649726009505,0.011881631203597375,0.033009177131383044,0.019048073045390367,0.13979571363447613,0.4422262482908811,0.04929827972006827,0.013186986325280103,0.010830446642931972,0.15001833253965594,0.05311884075652113,0.025338235500069722,0.004577098765437858
openml_44072_phoneme,KMeansSMOTE,KMeansSMOTE,True,0.006436708838200245,0.005593690205920689,-0.000843018632279556,0.8876447203488388,0.894081429187039,0.012187609511288828,0.047690799879300846,0.048587621611265175,0.007028904029330032,0.020867215060069926,0.3511373060880893,0.1210433173444167,0.13281351919132592,0.04558514144192106,0.07678699151759437,0.004508502051686503,0.005894788173287093,0.0044719382671386315,0.12139634583328575
openml_44266_anneal,RandomOverSampler,RandomOverSampler,True,0.0,0.0003789868970613819,0.0003789868970613819,1.0,1.0,5.572986934452877e-06,0.00040162675875834677,0.00010852785036751517,0.19742133454580627,0.10344032297651226,0.009278382636016701,0.015776656725610388,0.5519703204263283,0.10736172999533926,0.00022356885455051919,0.0038233610461607787,9.786468921993636e-05,0.0009695448105861055,0.009121185697809184
openml_44353_credit_seed_0_nrows_2000_nclas,AHC,AHC,True,0.010228130118027257,0.017584025156176457,0.0073558950381492,0.7522700089633236,0.7624981390813509,0.033487392332088715,0.6805408175939018,0.013673929933665683,0.007107836363041518,0.006688877162370198,0.03781951284274467,0.003800681771096177,0.02340837442021097,0.018821649880876194,0.09109593374819314,0.008991570290110804,0.0036996072204336754,0.06784238333328235,0.003021433107984236
openml_44364_california_seed_2_nrows_2000_n,RandomOverSampler,cluster_SMOTE,False,0.0,0.0011545556632083132,0.0011545556632083132,0.8646194344663577,0.8646194344663577,0.0016432185207492843,0.06554916133634842,0.08510937677468726,0.001949519824159512,0.003193425164407293,0.023674197961616072,0.06549797821368619,0.07192409916869139,0.01588553558474588,0.03969863373479239,0.05123319482040792,0.013295359014515016,0.4963417534049307,0.06500454647626261
openml_44368_wine_seed_1_nrows_2000_nclasse,RandomOverSampler,SMOTEENN,False,0.0,0.0010863022907341166,0.0010863022907341166,0.7894304000772548,0.7894304000772548,0.008580091594877909,0.007145468245607825,0.05218199790594973,0.0008650057437490933,0.0274184284235574,0.037067704641103476,0.01956896315385782,0.1596608270390609,0.047602235716570664,0.3142934763498387,0.015102534736427123,0.0023293257631164578,0.13648085736113616,0.17170308332514683
openml_44376_electricity_seed_4_nrows_2000_,RandomOverSampler,SMOTEENN,False,0.0,0.004835999844309438,0.004835999844309438,0.8024846141685926,0.8024846141685926,0.01594932116275968,0.08628111628439106,0.0449774665806999,0.0025253383969411187,0.03368034814620631,0.17987283304086776,0.03221812234491647,0.10822641512980503,0.031772724617950866,0.22388520338855178,0.017450797445790076,0.012916405813088611,0.07437439427183057,0.1358695133762009
openml_44382_pol_seed_0_nrows_2000_nclasses,AHC,AHC,True,0.002483438541899252,0.0024633017210127298,-2.013682088652241e-05,0.9774988874793157,0.9799823260212149,0.002422801017137765,0.6875887401587187,0.020886553819228815,0.05660392990965868,0.005205425039852731,0.0023513378702783687,0.00038500140139779136,0.09247863735406414,0.004390147601952853,0.010548610224906812,0.011424034355036673,0.041940275207665544,0.027642918219432797,0.03613158782066829
openml_44386_pol_seed_4_nrows_2000_nclasses,AHC,AHC,True,0.002538425579941661,0.0024231526572453454,-0.00011527292269631565,0.9624431360158531,0.9649815615957947,0.0020878132736937517,0.690516806683711,0.02084172247008441,0.05955592342366323,0.005088048719178494,0.002488927181282076,0.00034792750728969294,0.0936429104600752,0.004156834144497789,0.010014472759816491,0.009953429883946398,0.038262756913536526,0.02650775518259418,0.03653467139663115
openml_44415_MiniBooNE_seed_3_nrows_2000_nc,SMOTETomek,SMOTETomek,True,0.004802472747285402,0.007212881844925873,0.002410409097640471,0.8846370960653362,0.8894395688126217,1.071633342934766e-09,6.27537250941381e-08,0.0008633475884696995,1.6262307411960049e-07,5.099190702059058e-06,6.256572400461359e-06,0.0225403037729449,2.269733646660393e-05,3.0448031377547974e-07,0.003020690207122832,0.92860938111351,0.042994631721204414,7.485574418922103e-05,0.0018622058242433787
openml_44443_covertype_seed_0_nrows_2000_nc,RandomOverSampler,MWMOTE,False,0.0,0.0005520654422704831,0.0005520654422704831,0.7823554285116471,0.7823554285116471,5.83817728096808e-05,0.0013063312710364673,0.0002723868147666837,0.13616892680070816,0.3147485118950593,0.10347741135392938,0.3247189830201815,0.08302159749110974,0.012461311013769108,0.000381872216040634,0.006565021048839956,0.0005637851566616906,0.009318855920610922,0.006936624224476754
openml_44453_road-safety_seed_0_nrows_2000_,SMOTEENN,AHC,False,0.0013923592813032126,0.004041271419950048,0.002648912138646835,0.7374823656550445,0.7388747249363478,0.04675616017709789,0.519020710461794,0.0507762818707071,0.031556805836238974,0.016772591445902752,0.04276175157343673,0.010298843281640071,0.063793791029596,0.0023791369680700087,0.04263485956874067,0.03277554446656716,0.02982283969025151,0.0990682167421668,0.011582466887790337
openml_44454_road-safety_seed_1_nrows_2000_,AHC,AHC,True,0.003589520276093383,0.0051018068323965635,0.0015122865563031804,0.697327928041875,0.7009174483179684,0.04394285882823394,0.5223518126269541,0.05156059068299866,0.032320588385921244,0.014389574637996193,0.04139798236443624,0.010757773996059648,0.06467177977222348,0.0023015104220177928,0.04247560942892143,0.04031255352556781,0.035802212611405565,0.08615543520459136,0.011559717512672586
openml_44472_yeast_seed_4_nrows_2000_nclass,DBSMOTE,DBSMOTE,True,-0.008524700819182773,0.019432075911175854,0.027956776730358627,0.391651017702712,0.3831263168835292,0.00011536565363916595,3.8408784614254894e-08,0.04672083002040048,5.336823864369394e-05,0.8855812110427744,0.024446063845404882,0.00027320634463729636,0.0010363535539896415,0.0372707155786035,1.2053213407005684e-07,0.004455303074497072,1.6712341628992682e-05,9.231544581753799e-08,3.061904941626565e-05
openml_44492_wilt_seed_4_nrows_2000_nclasse,SMOTE,SMOTE,True,0.13760365489919701,0.12775293176022962,-0.009850723138967399,0.7009189010510403,0.8385225559502373,0.004594437687496117,0.004116433318534916,0.1384189074887174,0.0004666900032894487,0.0006036390057756456,0.041178252809063454,1.568951928560715e-05,0.037676797973178425,0.3229385587592867,0.018136441987204634,0.008765958850327821,0.2391817408872684,0.17175206757567243,0.012154384134898954
openml_44508_APSFailure_seed_0_nrows_2000_n,SVMSMOTE,SVMSMOTE,True,0.3923240747498512,0.25953547975247315,-0.13278859499737805,0.52353505521664,0.9158591299664912,2.687289188024312e-06,1.3680494913285004e-05,0.14509942198163456,0.00047416553242055683,3.493318784324028e-05,0.0023667273283519493,2.3977367216505312e-08,0.030249439826776834,0.004716228181925129,0.0010624087381900574,0.0013347919903542631,0.803221801731084,0.011388713527677168,3.497621227365436e-05
openml_44567_philippine_seed_4_nrows_2000_n,RandomOverSampler,BorderlineSMOTE,False,0.0,0.0014271133772039213,0.0014271133772039213,0.6898591062646883,0.6898591062646883,0.004698557279798501,0.0040274118771981915,0.7373382209899398,0.0026648578850399433,0.0006792356008631347,0.00553132470050712,0.03721577637401367,0.032646429260085784,0.0011684041093555056,0.010805581756605358,0.024742097610527487,0.10111017575707551,0.02494831554333268,0.012423611255657193
openml_44568_ada_seed_0_nrows_2000_nclasses,SMOTE,SMOTE,True,0.0360468487766078,0.037431744482768786,0.001384895706160988,0.7848607369875437,0.8209075857641515,0.0062475018006589635,0.0011645801557434565,0.003726093877104118,0.1279377058964931,0.04902909990405204,0.004529289337869902,0.0015792223088045704,0.2509161753272178,0.39562559088710075,0.01139627656040793,0.0022547168010231774,0.001405301289398861,0.13194447311720706,0.01224397273691832
openml_44582_Diabetes130US_seed_4_nrows_200,SMOTE,SMOTE,True,0.1197523949030693,0.09536208359474534,-0.02439031130832396,0.23552116940510767,0.35527356430817697,8.743600010228457e-06,9.346350709357768e-05,0.0031824201772145187,0.04296853271647352,0.0008611030718142703,0.00456046917967677,0.15053403141227237,0.009704653655994934,0.641613562012385,0.00012129732104564061,0.07285546953699099,0.03808377058992707,7.127759404473151e-06,0.03540535545969659
openml_44594_blood-transfusion-service-cent,SMOTEENN,SMOTEENN,True,0.06677759409517137,0.08487927770314582,0.018101683607974456,0.6263767042024635,0.6931542982976349,0.023115489439816884,0.02596632346687496,0.014951908591886293,0.0003300837653667571,0.009605448483849782,0.13370183973159216,0.009446166575523812,0.02533134745725283,0.06451396772968301,0.49069059925151887,0.037502092872125865,0.06119102029293493,0.05685180273637021,0.04680190960520361
openml_44603_cnae-9_seed_0_nrows_2000_nclas,RandomOverSampler,RandomOverSampler,True,0.0,0.003669050575665404,0.003669050575665404,0.33014329169299933,0.33014329169299933,0.25192500724287387,0.0011825167452466647,0.0012831347114751269,2.4615462766987325e-05,0.11238362742294519,0.0014079270559826248,0.01061724821251446,0.6140240026254058,0.005539283924216018,0.0004190865436511737,0.00012967249038728346,1.702181573061817e-05,0.0005152331997160225,0.0005316225470880653
openml_44617_cmc_seed_4_nrows_2000_nclasses,SMOTEENN,SMOTEENN,True,0.0331000246066232,0.030940574035555987,-0.0021594505710672146,0.5033869472947585,0.5364869719013817,0.02479123358882092,0.05936740951428626,0.00577871380821883,0.028347114355928498,0.04941652816281132,0.024160999296043133,0.03337831608515802,0.03424806984667176,0.023134184923605434,0.43451802012154056,0.2679446270596066,0.0028983756998508573,8.117089330376906e-06,0.012008290448127578
openml_44656_Bioresponse_seed_3_nrows_2000_,cluster_SMOTE,cluster_SMOTE,True,0.017360223522794316,0.01723720258514688,-0.00012302093764743685,0.7550207148283902,0.7723809383511845,0.016082294850756063,0.00294403696597749,0.029583395916779852,0.05343750422371611,0.03696031205751716,0.00018818039832191823,9.467528593394042e-05,0.09589440111164607,0.0005434840082244375,0.004315410751305463,2.965695488006681e-05,0.00016511774374324234,0.6737732586277614,0.0859882711034369
openml_44660_churn_seed_2_nrows_2000_nclass,BorderlineSMOTE,SVMSMOTE,False,0.10616621775200541,0.08594771861348624,-0.02021849913851917,0.7811375101253462,0.8873037278773516,0.06608020064094838,0.03685328205497576,0.11319536311175711,0.020814082513157448,0.0019039323466913925,0.015673307105494014,0.000784654740088049,0.014388438088880148,0.04429743024589305,0.021339729300886626,0.022495913039747854,0.5922318807223845,0.047609778496243094,0.0023320075928524972
openml_44678_sylvine_seed_0_nrows_2000_ncla,RandomOverSampler,SMOTETomek,False,0.0,0.0005181869928161524,0.0005181869928161524,0.924815274904073,0.924815274904073,0.0010555373402656297,0.009747986915441873,0.1323019735788566,0.0036854971549164775,0.0004956798223357789,0.009335968748349426,0.17770296285874468,0.22680570095224195,0.0022648138129730037,0.0087968329268759,0.2925812210040199,0.009098692850702477,0.10349033590828183,0.022636796125994466
openml_44681_sylvine_seed_3_nrows_2000_ncla,SMOTETomek,SMOTETomek,True,0.002449626645134595,0.0017464678038464647,-0.0007031588412881303,0.9144732752823065,0.9169229019274411,0.0008512397541724557,0.009273695202943166,0.13915463436433886,0.0040460294222570085,0.0004677100257519956,0.007908844482030154,0.1798292841337624,0.21095102073753932,0.0021757906820937204,0.007708898876975385,0.29878299722170165,0.009553575371941351,0.10406014043260259,0.025236139291890055
openml_44700_Fashion-MNIST_seed_2_nrows_200,SMOTETomek,SMOTETomek,True,0.02191176162855879,0.015121243950497208,-0.006790517678061582,0.7570639471702666,0.7789757087988254,0.08578145643701868,0.00046078526496387936,0.03728131213249617,6.965427388201754e-06,2.622662334433305e-06,1.9937294883865556e-08,0.014701845239029263,0.010155202581880735,0.0005063518673915154,0.00012813941812025366,0.850686422971987,0.00028709400997555516,1.6024119890695277e-06,1.7963813016939066e-07
openml_44715_nomao_seed_2_nrows_2000_nclass,SVMSMOTE,SVMSMOTE,True,0.019798520907214123,0.020050542077442862,0.00025202117022873893,0.9281590497442646,0.9479575706514787,0.00026146450033614035,0.001861032522160992,0.07812919835938154,0.12323890332098222,0.0005763737232064189,7.741718527876538e-06,0.0008963411646477452,0.02589959442838619,0.008020079635850863,0.005597083617033898,0.02283049985680983,0.5016531206100654,0.22203917999091516,0.008989386551695686
openml_44777_sf-police-incidents_seed_4_nro,SMOTEENN,ADASYN,False,0.18572559697769753,0.15535399657105764,-0.030371600406639887,0.3224589436307146,0.5081845406084121,0.40767274829636907,0.0011225912498275797,0.04969806820195328,0.03787219251519571,0.012097216784748621,0.057332042384434574,0.0029238441149604067,0.07948205544726882,0.09310160902647811,0.22472846563305351,0.016014021684698586,0.001816844291799468,0.0015953119399752457,0.014542988429237003
openml_44788_KDDCup09-Upselling_seed_0_nrow,CBSO,CBSO,True,0.2064594955490045,0.1730981836096573,-0.03336131193934719,0.3270644185041072,0.5335239140531117,0.00019727752336665355,3.480481482458284e-06,0.0018836075516473398,0.6906843324562529,0.060614082804233686,0.01442354127771643,0.0012511401230776403,0.11494857549740962,0.04531711476133403,4.3518545783809314e-05,0.0001783785147459101,0.0005134394684751932,0.06305730062199416,0.006884210372479805
openml_44_spambase,CBSO,CBSO,True,0.007374769760999378,0.007629897280893574,0.00025512751989419623,0.941968291618387,0.9493430613793864,0.058357483785139164,0.15361152375014636,0.1524790904271513,0.17195433593601922,0.0018811500851691804,0.0001055741753148283,7.837970393907842e-05,0.14640108034189167,0.011041552238898909,0.04330021008857961,0.005374511847993784,0.031450097614509794,0.17161657876708702,0.052348431238160076
openml_45020_default-of-credit-card-clients,BorderlineSMOTE,cluster_SMOTE,False,0.0016400283812796346,0.011929815703543798,0.010289787322264163,0.70308070282865,0.7047207312099296,0.005148614992776709,0.13675211114314256,0.0732701448609808,0.0023965353508570127,0.011949267346220725,0.07976310252320118,0.04897598337665593,0.03470332111847854,0.013593035059770246,0.18163903405206908,0.07366769444106591,0.05843203162186368,0.24701983890203047,0.03268928521088719
openml_45462_timing-attack-dataset-16-micro,distance_SMOTE,distance_SMOTE,True,0.0038932936345855845,0.005963860687885957,0.0020705670533003725,0.0983255403847204,0.10221883401930598,1.8625682553694257e-07,2.7035030335637432e-05,0.08484901410123624,0.1667554800993581,0.2025464506984608,0.25292244216021326,0.002510130834602032,0.007302165073126112,0.021817407901324644,2.597203489151245e-05,8.964085774800819e-09,1.3255512687182714e-05,0.0014695631301759329,0.25976088820267745
openml_45495_timing-attack-dataset-15-micro,KMeansSMOTE,distance_SMOTE,False,0.006319741486437103,0.006684864804206614,0.0003651233177695114,0.09247670427861716,0.09879644576505427,1.9639075168359413e-07,2.677071802537551e-05,0.08599130649930825,0.14510670768980044,0.16457473397722697,0.28183970402371833,0.0023358932520382504,0.006706225656981299,0.02076649266094845,2.3673582849665028e-05,7.815163586882019e-09,1.2878311350432004e-05,0.0013981477428429852,0.29121726167899425
openml_45496_timing-attack-dataset-20-micro,DBSMOTE,KMeansSMOTE,False,0.010663358088017535,0.008577721950158145,-0.0020856361378593907,0.10050457565633003,0.11116793374434757,1.879351442731909e-07,2.6176207113515765e-05,0.06935005371480647,0.16788863853379707,0.2540735672061288,0.28122450958143563,0.0023429281234736026,0.008109480926040209,0.01596565097125091,2.5085140515638097e-05,6.580579188116607e-09,8.559571493452314e-06,0.0016664918432569382,0.19931866366496423
openml_45504_timing-attack-dataset-20-micro,KMeansSMOTE,KMeansSMOTE,True,0.0015023871627176388,0.004329031956881189,0.0028266447941635506,0.23449946271292665,0.2360018498756443,2.0035831876357274e-07,2.6408800251217694e-05,0.07107222909374439,0.18645831946701577,0.2649541919548518,0.2824040403729475,0.002050692397581218,0.008219846633930598,0.01810695557160771,2.9163357845299425e-05,6.5758932067326094e-09,7.551130213569106e-06,0.0014721789184506252,0.16519821536734838
openml_45505_timing-attack-dataset-20-micro,BorderlineSMOTE,DBSMOTE,False,0.0011860720378450568,0.004603050223191232,0.0034169781853461752,0.0966250381569486,0.09781111019479366,1.8607884387697834e-07,2.829905917141963e-05,0.0852174780550943,0.24119503790498317,0.24973631547342065,0.19569209875346838,0.0023490551824034943,0.008465969179358029,0.030473742606762243,3.5066962697805404e-05,1.1850263931220913e-08,1.2452514659913213e-05,0.0011339233382788025,0.18566036304059427
openml_45516_timing-attack-dataset-30-micro,CBSO,DBSMOTE,False,0.00888570789115177,0.008762861003705612,-0.0001228468874461576,0.0981752715307273,0.10706097942187907,1.6871869046561994e-07,2.6051013202138108e-05,0.07629428128131177,0.2194234103358706,0.267966382242279,0.20707047917843616,0.0024068940806251443,0.008795219169290021,0.021456767572366774,2.8013356916147893e-05,8.782056800944492e-09,1.0173949378622858e-05,0.001313480860657131,0.19520866945891893
openml_45545_Tour-and-Travels-Customer-Chur,CBSO,CBSO,True,0.03533463552270899,0.04423708155585696,0.008902446033147972,0.8450645617904193,0.8803991973131283,0.04192834559939343,0.02185786468019052,0.011146074277831616,0.43390956291583865,0.03299374190926616,0.029866087990007548,0.015022511280961229,0.03581123058913655,0.022102409289150648,0.2211551980034489,0.09719074830802157,0.005233039268485888,0.0009619588162994755,0.0308212270719678
openml_45558_Pulsar-Dataset-HTRU2,SVMSMOTE,SVMSMOTE,True,0.005795256661506265,0.02686208599200761,0.021066829330501344,0.9298074294510444,0.9356026861125507,3.3605445252478095e-06,1.2429924263705492e-05,0.0018866098115740985,0.00032411584963233447,0.005191856366314914,0.01778589858836075,0.05589646053145953,0.013517562324844091,0.10400170458874358,6.103196844099889e-05,0.00028311753937031436,0.7353381703341793,0.006163906599463234,0.05953377502882799
openml_45707_cylinder-bands,DBSMOTE,DBSMOTE,True,0.010980323051132945,0.0082261468282532,-0.0027541762228797447,0.8680017991214434,0.8789821221725763,0.008667903616656186,0.05119538437822179,0.025285828474768415,0.08193307762805505,0.24962662300700836,0.10783025118243335,0.09102215529603065,0.1201918414962001,0.03138716234414096,0.02976061226594112,0.0852947393784843,0.06347320877335784,0.021141431168007346,0.03318978099069449
openml_46184_Flare,RandomOverSampler,RandomOverSampler,True,0.04969523952717059,0.04015239197812914,-0.009542847549041444,0.6184434105770223,0.6681386501041929,0.0028774480778604268,0.009500076151277988,0.08293315769586028,0.29851603429899953,0.008581968880034018,0.0002489333584107163,0.10172741165343058,0.39758409731503697,0.01905860535270045,0.0006375374489809873,0.016616256558383686,0.0010166887444955283,4.060770400944766e-06,0.060697723694127695
openml_46334_glass_clean,MWMOTE,MWMOTE,True,0.04932174471439066,0.04559707603885454,-0.0037246686755361205,0.760680063642415,0.8100018083568057,0.04392620638541647,0.0025325275849500165,0.12925779475317192,0.022033901861040307,0.04253917283548517,0.0004917402660795639,0.5883255218339432,0.039273946545135156,0.04390927465889986,0.00048561420292854066,0.007152244838393452,0.011051441031815103,1.7333029561709578e-06,0.06901887989978495
openml_46459_Credit_Score_Classification_do,RandomOverSampler,RandomOverSampler,True,0.018247126605356545,0.03084308104679182,0.012595954441435273,0.38936992169626605,0.4076170483016226,0.005997406847414858,0.06955368788322157,0.03557429419905249,0.11240401922603589,0.0013322464678825186,0.0020930869590479405,0.011259317673599518,0.4847580162505779,0.017972126389459896,0.01251741779005734,0.0757684475154951,0.08092694897649436,0.00023480208963883877,0.08960818173202174
openml_46630_Skin_Cancer_PAD-UFES-20,RandomOverSampler,AHC,False,-0.001971797393957697,0.002496872541212904,0.004468669935170601,0.9779848235118602,0.9760130261179025,7.736468233485268e-06,0.4298580487743935,0.0002916123049133642,0.1838491143028074,0.0003277157848187365,0.0014129558038809605,3.884676023220161e-07,0.37245619227415466,0.008334198556926692,0.0021987499143584412,9.241754254598999e-07,1.6053250702462205e-05,6.837258337524923e-05,0.0011779373384070576
openml_46761_mental_health_detection,BorderlineSMOTE,BorderlineSMOTE,True,0.03140608600826239,0.051383292751142035,0.019977206742879644,0.1317360688050343,0.1631421548132967,4.342924498067253e-05,1.3688906044009935e-08,0.9107224712418245,1.9958429347807478e-08,0.000776322350098215,0.036340978578309986,1.9440177960900865e-05,4.666484494098891e-05,0.024322614764149618,0.00015692093980536806,0.022597907051625222,9.176488015375554e-06,4.2098037154802356e-05,0.00492194263379873
openml_46826_SOCC,distance_SMOTE,distance_SMOTE,True,0.0,0.014212185650160112,0.014212185650160112,0.1943530164614502,0.1943530164614502,5.943697251639469e-07,2.612668534601905e-08,0.04070527026585799,0.00013120489143920427,1.3216613827393674e-05,3.090237846544753e-05,2.4479076042818666e-07,0.011501524301477498,5.5503598531597294e-06,3.550874432869656e-09,0.0008505841975134448,0.00040871245161310936,0.026502180686203056,0.9198499850157043
openml_46913_blood-transfusion-service-cent,SMOTEENN,SMOTEENN,True,0.12455910567858464,0.10849769665126241,-0.016061409027322227,0.5906017453583838,0.7151608510369685,0.021081783431600193,0.031760348803285515,0.016874762435772444,0.0004102261539152381,0.011391454708109474,0.1361341964882238,0.010253058829593972,0.02168171298033305,0.06455863374861943,0.44921599781776744,0.040790235042389766,0.07660351442483698,0.06567616918054171,0.05356790595501085
openml_46915_churn,SVMSMOTE,SVMSMOTE,True,0.04362427170250616,0.050065634593190037,0.00644136289068388,0.8481176261493499,0.8917418978518561,0.0409369451886973,0.04223397719203334,0.09412776103242042,0.028542065121342074,0.0017730666604396847,0.018350698885586166,0.0012081487818407757,0.014628717464341676,0.05823817138289611,0.02281825930938358,0.02668919444778537,0.586363628995458,0.061662868574765085,0.002426496963010307
openml_46935_HR_Analytics_Job_Change_of_Dat,SMOTEENN,SMOTEENN,True,0.07019933595285399,0.07255027283092895,0.002350936878074958,0.665256443946385,0.7354557798992389,0.10683346526783323,0.005409273100869092,0.006835606517792584,0.1382641035680813,0.011879640228307555,0.02505123883907406,0.01611113389605923,0.05931621189651729,0.02258762313462509,0.4787128866760592,0.11766578152836127,0.0013644572454923067,0.0012850177856710062,0.00868356031525666
openml_46948_PhishingWebsites,cluster_SMOTE,cluster_SMOTE,True,0.0016142592601694483,0.002887963642325861,0.0012737043821564125,0.9719399708877399,0.9735542301479093,9.310989369795973e-05,0.011719805551127593,0.029898318076449885,0.02870675912040334,0.00012910155897730217,3.8403620287952795e-05,0.002606728008589278,0.04775270322306122,0.0010861242438920068,0.0007300512151996303,0.04463495813546712,0.0058194653232553515,0.8068026268190774,0.019981845210513837
openml_46951_Pumpkin_Seeds,MWMOTE,MWMOTE,True,0.002215421947066143,0.004816804587383156,0.002601382640317013,0.8914165291552534,0.8936319511023195,6.872809985796761e-07,0.00024808378273099993,0.002504842342294923,0.00022039542139686553,0.0027918359797395806,0.0025048580362166694,0.7415883551645133,0.003247139650698866,0.0010323482573352625,0.0002599310420974384,0.0014591617043936767,0.011986692447937842,0.04885293008705406,0.18330273880259193
openml_46_splice,distance_SMOTE,distance_SMOTE,True,0.009617293224886692,0.00951504457558673,-0.00010224864929996198,0.9386459527123514,0.9482632459372381,0.08668416775563685,0.028377377751201367,0.2218123406211185,0.07734442187159311,0.0031368358988214137,0.0008422693308472606,0.028883378776002475,0.10038835202903097,0.014077360117092824,0.019479124933617753,0.05938859867591858,0.004247519345891353,2.346107151351136e-05,0.355314791821714
openml_47046_Accidents_Prediction_Dataset,ADASYN,ADASYN,True,0.23869998561352318,0.23247004294510673,-0.006229942668416449,0.3188728216536893,0.5575728072672125,0.7333793466480748,8.162149293317415e-05,0.0011498987681001585,0.03859164059699273,0.01156513629573141,0.0015711656258540433,3.1129389492186326e-05,0.022352774277013744,0.031160713396883033,0.15810804783764826,0.00058717721441659,1.434237803543452e-05,6.264380178277143e-05,0.0013443622770415457
openml_47049_Accidents_Prediction_Dataset,ADASYN,ADASYN,True,0.23869998561352318,0.23247004294510673,-0.006229942668416449,0.3188728216536893,0.5575728072672125,0.7333793466480748,8.162149293317415e-05,0.0011498987681001585,0.03859164059699273,0.01156513629573141,0.0015711656258540433,3.1129389492186326e-05,0.022352774277013744,0.031160713396883033,0.15810804783764826,0.00058717721441659,1.434237803543452e-05,6.264380178277143e-05,0.0013443622770415457
openml_47051_Accidents_Prediction_Dataset_P,ADASYN,ADASYN,True,0.23869998561352318,0.23247004294510673,-0.006229942668416449,0.3188728216536893,0.5575728072672125,0.7333793466480748,8.162149293317415e-05,0.0011498987681001585,0.03859164059699273,0.01156513629573141,0.0015711656258540433,3.1129389492186326e-05,0.022352774277013744,0.031160713396883033,0.15810804783764826,0.00058717721441659,1.434237803543452e-05,6.264380178277143e-05,0.0013443622770415457
openml_47151_aztrees3,SMOTE,SMOTE,True,0.006367246403366611,0.04857057723263088,0.042203330829264266,0.9904629421574053,0.9968301885607719,9.343227286381896e-08,0.002259517065743433,0.0008072259148986667,0.0005718246357616191,0.0005968134178121361,0.05351376786597197,8.827243229288619e-05,0.04576767318034197,0.8392990088805937,0.01467195133490318,3.4739426066313064e-05,0.040714896591237455,0.000677269985408129,0.000996945836695725
openml_50_tic-tac-toe,RandomOverSampler,SMOTETomek,False,0.02157501543071727,0.02757794400205838,0.006002928571341111,0.9293929541305183,0.9509679695612355,0.1415841469963954,0.02294770724445356,0.04260578053726686,0.06348464244645291,0.023542854866069763,0.14054717442317408,0.03184917575751344,0.0806782726710966,0.0038534678985073004,0.19819827927474454,0.2148649227980918,0.0012698941931453581,0.0003995299644619894,0.03417415092862665
openml_730_fri_c1_250_5,AHC,AHC,True,0.04170653336637864,0.04069509062675259,-0.0010114427396260492,0.878163400217418,0.9198699335837967,0.0012485959167802864,0.7423756450697807,0.013475057316248007,0.010592978813040799,0.0283206701191164,0.07795574889975566,0.0348748673552398,0.007630126441374749,0.007619391881782822,0.03129711942322515,0.016379861475318194,0.0039745503673122035,0.0017308292457584725,0.022524557675266704
openml_807_kin8nm,MWMOTE,MWMOTE,True,0.0018190335043463124,0.005377298399799854,0.0035582648954535414,0.838680723863359,0.8404997573677053,0.004154883721614952,0.0018479550098087602,0.017246341329887553,0.008966156798639609,0.008209231152861955,0.11450888991440232,0.49263871520755276,0.05715357850212646,0.002190491317174847,0.06640571682967254,0.19914373492390908,0.00039125653680419374,0.00013953323595563197,0.02700351551958957
openml_838_fri_c4_500_25,BorderlineSMOTE,SMOTETomek,False,0.011181167349949006,0.014493689921876387,0.0033125225719273805,0.8797182053055753,0.8908993726555243,0.055923850438636194,0.07473016239717069,0.19649081728137532,0.006157322594594913,0.008268727628301643,0.117195168801525,0.08062291807600434,0.11632107202220449,0.005955098630181127,0.07318219834077,0.21644744128664223,0.02715221679120634,0.005160811713890214,0.016392193997497553
openml_853_boston,distance_SMOTE,distance_SMOTE,True,0.017000214126037916,0.014184408755397173,-0.002815805370640743,0.9046027728131906,0.9216029869392285,0.0013698508776652076,0.010240632078937602,0.009724059048321292,0.005971366204455337,0.18207694755789347,0.025769615101115362,0.07260778443306698,0.0419042498023922,0.008102929422414641,0.013232534370978688,0.004795249772010664,0.1382352150810585,0.006170746910308079,0.479798819339382
openml_939_chscase_whale,RandomOverSampler,RandomOverSampler,True,0.021212577314741465,0.02223243082568172,0.001019853510940253,0.9787874226852585,1.0,5.352297663847269e-06,0.005470240977496076,0.0027688065947324846,0.12810201214915687,1.5200914790815518e-09,7.324203006419557e-09,8.96010923136431e-06,0.8601505763738742,2.5743519426186176e-05,3.388244013553755e-05,7.302817866318518e-05,7.988297304439821e-07,0.0033313288103121366,2.926087528351539e-05
openml_970_analcatdata_authorship,BorderlineSMOTE,BorderlineSMOTE,True,0.007320811490413193,0.008433766772969494,0.0011129552825563018,0.9926791885095868,1.0,0.004365191935376392,0.0032514440023415844,0.6287810137736178,0.0416277012035571,6.677839873890737e-08,2.0320690147306865e-08,0.001344546141108665,0.06949869277605007,0.00021424794877487148,0.0004983093056963342,0.024197102311658752,0.22560510756430432,0.0004989468306387536,0.00011760910778642762
openml_981_kdd_internet_usage,RandomOverSampler,BorderlineSMOTE,False,0.012807649611574878,0.022104108796378173,0.009296459184803294,0.8563207395941114,0.8691283892056862,0.10636303585163008,0.030760469186032712,0.2635193153911814,0.06598454537161164,0.00035656648993600426,0.0005505988004131975,0.000562328117279603,0.0922431776002647,0.0018779838830301823,0.013686744853300487,0.042408715847763886,0.16369938544352663,0.2083355166395039,0.00965161652452562
openml_983_cmc,SMOTETomek,SMOTEENN,False,0.03277462748537796,0.029499366901381465,-0.0032752605839964956,0.6768935336878,0.709668161173178,0.054867595494152564,0.08258209276629433,0.004328517942113922,0.03103568298609316,0.052761078345306016,0.11586145389972395,0.028312989382293065,0.07386848983222316,0.004758190679581079,0.3575913197848019,0.17237694661140304,0.0018849054148918397,0.0014757598841874605,0.01829497697693454
pmlb_adult,RandomOverSampler,SMOTE,False,0.021206914975971825,0.022862726143713426,0.001655811167741602,0.7818809635279392,0.8030878785039111,0.04081963657056506,0.009086232964749476,0.007172197292480889,0.1854249193876974,0.02332395080727923,0.0320046212428295,0.002653931418381456,0.2741448391989899,0.2976986526294246,0.07702211941304742,0.007763327337333409,0.006068717728817193,0.027636415438379153,0.009180438570025325
pmlb_allhypo,SMOTETomek,SMOTETomek,True,0.17539441827576963,0.1505526346634842,-0.024841783612285423,0.6328170865193111,0.8082115047950807,3.932855882198106e-06,8.841837120491727e-07,0.00351091069362044,0.015963029429874025,0.00047412999336389483,0.0019323342202307507,4.168594779755369e-05,0.0025985823783136524,0.3458796521249546,9.594539384432723e-06,0.5993427886706024,0.028230069076118757,2.225346455695e-05,0.0019901524215883955
pmlb_allrep,KMeansSMOTE,KMeansSMOTE,True,0.13268064252793887,0.13134163330708204,-0.001339009220856835,0.5310949206225076,0.6637755631504465,0.0001267914871643992,0.00023115750262574412,0.122244088108776,0.019025981992546254,0.018895179218735108,0.7926865898495584,8.155796424820339e-08,0.017145821875439796,0.024679074089161205,1.9556446603410653e-05,0.0021594226619597997,0.001953234248613355,4.144861485974765e-05,0.0007915723459925421
pmlb_analcatdata_authorship,SVMSMOTE,SVMSMOTE,True,0.003962547967476415,0.013025762084933211,0.009063214117456796,0.9918452806195379,0.9958078285870143,0.03504256949607438,0.00369466950315679,0.18384282280221106,0.00034290384029355233,3.7938972482458167e-07,2.3083216728804616e-09,0.0037682457146962904,0.0021734551217946338,0.0001518443085051961,2.569598441744844e-07,0.002249656643011834,0.7685726849293504,2.9985629801098137e-09,0.00016050598445210983
pmlb_analcatdata_lawsuit,RandomOverSampler,SMOTE,False,0.0,0.04615660586131144,0.04615660586131144,1.0,1.0,0.0012088958885952518,0.13387092722136062,0.004648254793957174,0.0024314969434660713,0.007635898285862,0.176004833334875,3.987502853115553e-08,0.18848354747297116,0.30713001159404685,0.16539883945431216,1.8119670728742893e-07,0.009477424156384258,0.00027915609542796454,0.0034304936870055737
pmlb_ann_thyroid,RandomOverSampler,SMOTETomek,False,0.016674254467654137,0.05528890863071203,0.03861465416305789,0.9805047417023642,0.9971789961700184,0.0023940732933256975,0.0002113825646207912,0.03350917870778292,0.32029702586451997,0.06514147353904653,0.08671321602659175,0.00011415753680567542,0.12377936548556975,0.015225387766759265,2.7470758538497384e-05,0.3416598043565747,0.0041292835025572815,8.110797317429563e-05,0.006717072624132649
pmlb_balance_scale,SMOTE,SMOTE,True,-0.01109730420075239,0.021773698006668417,0.032871002207420806,0.3958039255226187,0.38470662132186634,0.06318558085475186,0.008025085206083851,0.019405958033087235,0.01675988632847976,0.013455448548277864,0.00038286389930488083,0.008514493475956529,0.0022887554906676896,0.7509405542662921,0.004205741136404022,0.004051919432912273,0.0636903789358546,2.5357376738913334e-09,0.04509333185618953
pmlb_biomed,distance_SMOTE,distance_SMOTE,True,0.05288838840067733,0.0418310477048664,-0.011057340695810935,0.8840153586037118,0.9369037470043892,0.006446098073727351,0.10950241238030929,0.08153450507342025,0.03436790812160785,0.04989758561367038,0.025389747697456683,0.012829315238028912,0.1519557512537475,0.01924416091783358,0.011126513250533905,0.0025319927940226127,0.1422821293218263,0.011377813071724203,0.3415140671920912
pmlb_breast_cancer,RandomOverSampler,SMOTEENN,False,0.10666211636667938,0.1005888535276707,-0.006073262839008678,0.4691563344954936,0.575818450862173,0.2493261549946681,0.009501294909818757,0.005929217009191448,0.03971136781909674,0.09961673389959941,0.0061390660282490605,0.0008088084071617726,0.047438219169780346,0.07651147728478842,0.4376638713396368,0.002455410886552099,0.0001757273768396327,0.007523964863411882,0.01719868601120581
pmlb_calendarDOW,SVMSMOTE,SVMSMOTE,True,0.04456259206109536,0.036081555501959614,-0.008481036559135749,0.6740074778922533,0.7185700699533487,0.002170318924818546,0.010267635471491721,0.05461543150106744,9.384835743386254e-05,0.0002804182159621861,0.00010397986519489045,0.0021630304506392055,0.0027982795758496573,0.10433203408541877,0.020171270558654118,0.17470375326659085,0.5542981255503857,1.4902849507850144e-06,0.07400038389154226
pmlb_car_evaluation,BorderlineSMOTE,BorderlineSMOTE,True,0.02176286880289935,0.05754154594162292,0.03577867713872357,0.8959328581627813,0.9176957269656807,0.07962090483493296,0.004179311019274883,0.6024447339815933,0.07932377278666441,0.03515839120460279,0.012057861292610304,0.0008182204335747645,0.03462949195884108,0.016557416382889135,0.0005999788641147522,0.010256719951540207,0.010764308125632288,6.414681635171703e-06,0.1135824744820938
pmlb_cars,DBSMOTE,DBSMOTE,True,0.018804351355924176,0.02219792513003697,0.003393573774112795,0.9066671879194157,0.9254715392753399,0.0002548081900972031,0.02914874449907186,0.0024141209454370833,0.0020773397674068443,0.7424562317855943,0.0069842593962969515,0.025221001551220232,0.0010942995898964836,0.0013764237616095026,0.001011572525889604,1.6032301686131322e-05,0.020929679354986016,1.1383532238177988e-07,0.16701537249548554
pmlb_churn,SVMSMOTE,SVMSMOTE,True,0.04358405350818351,0.050374012360852836,0.00678995885266933,0.8381299367888465,0.88171399029703,0.041046857753244154,0.031517422988300466,0.09383606232455095,0.03638527311847679,0.0025948569076298766,0.0318305526911298,0.002617722338406886,0.019728036433466916,0.07281907446190129,0.026547820848054203,0.04180153893062808,0.5465418107222384,0.05004086305309053,0.002692107428881674
pmlb_clean1,RandomOverSampler,RandomOverSampler,True,0.0,0.0073015077491789,0.0073015077491789,1.0,1.0,0.003137298305890692,1.1789932250717237e-06,0.2342030556794003,0.023577443736859677,1.7436247664364035e-09,1.2678934023829235e-11,0.0018296279216246899,0.5043140026592748,8.588344044801772e-05,0.00024977158010984447,0.21579352545249103,0.01347509712871624,0.0033232282881876,9.885057468200218e-06
pmlb_clean2,RandomOverSampler,RandomOverSampler,True,0.0021291435781415347,0.0337348560944092,0.03160571251626767,0.9978708564218585,1.0,0.0076248162861443074,3.020244626460487e-08,0.20552624603977898,0.016064951044128164,1.2856384256624378e-10,7.351558006455974e-12,0.0006671935149324226,0.5026374759686226,0.0013012694231993925,0.0004703918382919567,0.20423504613975,0.05623307872909524,0.005237786486974035,1.7141907213527625e-06
pmlb_coil2000,RandomOverSampler,cluster_SMOTE,False,0.05650635915242114,0.08031619594328923,0.023809836790868094,0.41382470689954304,0.4703310660519642,0.02782397278794441,0.0001220810669940527,0.06240068620674987,0.23683393894768948,0.008524087462897208,0.0008641308284650398,9.738320052368114e-06,0.059394976166721944,0.1584543198730907,0.009521773801883949,0.0015114690242655987,0.016809921577150985,0.4121175033416934,0.0056114005944009155
pmlb_collins,SMOTE,SMOTE,True,0.025620697064989595,0.027199318015493065,0.0015786209505034704,0.9743793029350104,1.0,1.5257601015662948e-06,1.9978615266668296e-05,0.01994078258824357,0.004011765675173158,9.328082083640478e-11,3.954432650961693e-09,0.002877673689931105,0.009012693140730678,0.8930197827386599,2.3054505259253484e-07,0.07111541048581436,1.224314352003468e-07,5.686652904086459e-12,3.027619114774882e-08
pmlb_connect_4,RandomOverSampler,BorderlineSMOTE,False,0.06328993604289956,0.06666107048242426,0.0033711344395246923,0.5511525098265145,0.6144424458694141,0.006197976004228798,0.0019927475686457308,0.4929063304391585,0.005249220320515133,1.9612159674772992e-06,5.227199977065543e-06,4.299860162772273e-06,0.00437176708493169,0.18491106648294167,0.004679536291305676,0.010979444152321034,0.16660292631937598,0.00031724753185029785,0.12178024952861805
pmlb_dermatology,BorderlineSMOTE,BorderlineSMOTE,True,0.0316859344132695,0.029227687420273925,-0.0024582469929955754,0.9352093309405575,0.966895265353827,0.0023683456984627425,0.0174869289194121,0.6000233095936641,0.0042927784165608905,0.0001071377819018815,1.446745239552289e-07,0.06328290010528465,0.12211117936529393,0.05646783334261828,2.6588256489552816e-07,0.02516463772301506,0.08928859737763846,5.624427818763553e-07,0.01940537867627718
pmlb_dis,KMeansSMOTE,KMeansSMOTE,True,0.10194330808617558,0.13287533630281273,0.030932028216637153,0.607329988851728,0.7092732969379035,1.1392665305719012e-06,7.72670361944204e-08,0.0018110062939446596,0.0018133267825438221,0.00333940851859517,0.7990745938446483,3.8641799200997765e-06,0.03415623390123218,0.0035528658792910194,1.7785750552905006e-06,0.13970563568271832,0.0014030283355868528,0.014831967586881838,0.00030507388601588924
pmlb_dna,ADASYN,ADASYN,True,0.011851230807992996,0.011388675428987936,-0.0004625553790050599,0.9436081890730844,0.9554594198810774,0.777885406668317,0.0011825561136804973,0.11119852134812275,0.05367313632424452,9.410501819895192e-05,1.5142566170621407e-07,0.0018094758417629999,0.030244555382758942,0.00015578497780407971,0.0004431601009285878,0.0028857427262220436,0.0015711325412440485,3.864746598896108e-05,0.018817624065064844
pmlb_ecoli,MWMOTE,MWMOTE,True,0.0419679178007033,0.03736244962032889,-0.004605468180374411,0.9133116898636903,0.9552796076643936,6.851926527758802e-05,0.0010880763185667833,4.130108167898408e-05,0.04782865102179831,0.00037476172414537445,0.00026565148799535994,0.8897083992392713,0.011189297810742092,0.029499593843291354,7.867592314086854e-06,0.019786757000473564,1.741483578849476e-05,5.3014370739687255e-09,0.00012370347721993194
pmlb_haberman,SMOTEENN,SMOTEENN,True,0.2441968385665957,0.2132980853087335,-0.030898753257862177,0.3651183922952832,0.6093152308618789,0.29879595312338053,0.00013427914565573054,0.0029829777843095578,0.02017774749439343,0.035554390501304094,0.003915238855149675,0.0006391456749521778,0.10391683807442068,0.04477517221105379,0.4775722886591722,0.0015228303911049047,1.2525960268838951e-05,0.00030942878163998255,0.00969118334319437
pmlb_hypothyroid,cluster_SMOTE,cluster_SMOTE,True,0.06485372879276419,0.08296290949932604,0.018109180706561853,0.8584350686119414,0.9232887974047056,0.00785138006617624,0.004035905616152183,0.023148351891334577,0.01182364435756416,0.00041771505337699296,0.008682293789773749,2.1975576494381765e-05,0.019924802427048815,0.04212712301071263,0.00843927955548158,0.03895761073449837,0.11818240293987406,0.7160507045932402,0.0003368103882720511
pmlb_ionosphere,SMOTEENN,SMOTEENN,True,0.012241137829489435,0.016607773663704035,0.004366635834214601,0.956874959927149,0.9691160977566384,0.0019260210347521998,0.15802296461643467,0.07106591790531781,0.08156518881602802,0.03156222462645193,0.01158758568725479,0.005142315783025274,0.14122015457367942,0.10539352701527385,0.21112682255907403,0.005535259516713337,0.12630163076504575,0.0072357733588262535,0.04231461374212263
pmlb_irish,RandomOverSampler,RandomOverSampler,True,0.0,0.003114051323211261,0.003114051323211261,1.0,1.0,0.0008261192347071542,0.2200702626836627,0.002061908711138421,0.30611035423701866,0.026433958518467696,0.014318701521701503,0.0002657147174460538,0.3512848198725333,0.005549986482670711,0.011190246309377368,0.0007101192974946539,0.002566420303516481,3.260178259047472e-05,0.05857878632767471
pmlb_magic,cluster_SMOTE,cluster_SMOTE,True,0.012420662187995979,0.014346450074148247,0.0019257878861522679,0.8584038678976085,0.8708245300856045,0.0006566185243207597,0.02613218669399617,0.08847892492873284,0.0007084205781368003,0.003313489315721619,0.0576678445470187,0.08009545157775363,0.032364803102076456,0.034379531094654886,0.04530054110316428,0.058331924317372726,0.10101302999847185,0.40527521002891115,0.06628202418966823
pmlb_mofn_3_7_10,RandomOverSampler,RandomOverSampler,True,0.0,0.02292007240147823,0.02292007240147823,1.0,1.0,0.1089594395323562,0.0019814947121591943,0.004724646770656923,0.13134961252756444,0.04741117801313611,0.002202700141276014,0.0012196648134985431,0.32591132129587186,0.17975108189059458,0.1406694289758742,0.018928606858326473,0.0008357087471048587,0.0007730593129208345,0.03528205640865966
pmlb_monk2,DBSMOTE,DBSMOTE,True,0.04397956617946264,0.05852990863990036,0.014550342460437724,0.9006289407064632,0.9446085068859258,0.08443849394369961,0.00242199353686454,0.0010094753220987016,0.05245783301729292,0.6225589212933519,0.006087740642299123,9.870367996462347e-05,0.1229595169091403,0.0027210491124537574,0.046762966424422236,0.00011814944386797454,2.7285547012420726e-06,0.00020612979763030622,0.058156298322212814
pmlb_new_thyroid,AHC,AHC,True,0.042936767513797935,0.04445529031558632,0.001518522801788387,0.9570632324862021,1.0,0.0013068738609652469,0.8630771695981749,0.0018863467110198746,0.002872125337472604,0.05907726490150071,0.006364298830351798,0.00017116142888811686,0.0062046370832251315,0.007118910674057964,3.72662533690766e-05,8.948630152364538e-10,0.03236279250039459,2.652584849544874e-10,0.019521151660458896
pmlb_nursery,RandomOverSampler,CBSO,False,0.016577496179843942,0.017273322610112107,0.0006958264302681649,0.9738344410595191,0.990411937239363,6.460033172202025e-05,3.0190938146308885e-05,0.011697342999897739,0.5141683182324954,0.0004927396200062329,6.33700519317414e-06,0.03067009851773601,0.2920042691497099,0.00010695778019514833,0.00015455447472314472,0.1464231274691527,1.5480037244433421e-06,7.800743105384557e-06,0.0041721147341924215
pmlb_page_blocks,BorderlineSMOTE,BorderlineSMOTE,True,0.06295638391971237,0.04824510580637055,-0.014711278113341816,0.8243218896275,0.8872782735472123,5.4397346428791166e-05,3.0443928457404857e-06,0.5125241710113694,2.382006926973722e-05,0.005290236407308851,0.25366174540859066,0.00020989385501006351,0.0011419201641441933,0.09299748953039212,4.423361933861708e-06,0.007898543447358094,0.11363183021687204,8.944807494763356e-05,0.012469036713528857
pmlb_penguins,RandomOverSampler,MWMOTE,False,0.0,0.009001396405328257,0.009001396405328257,1.0,1.0,0.0006525411696279468,0.019156683005187195,0.0007584701931911067,0.3397843968777105,7.050703195699888e-05,1.6559270601397486e-07,0.4644457835577376,0.17158865317659944,7.791407687104777e-06,4.4894310712388523e-07,7.980991411098766e-05,0.00040258963752299443,6.66286705440371e-07,0.003051493206149455
pmlb_phoneme,RandomOverSampler,SMOTE,False,0.02023181768912996,0.023187324723910094,0.002955507034780133,0.8669781254109533,0.8872099431000833,0.024901436941267226,0.02107952214146727,0.03589567283795613,0.006959606575101484,0.024798615530719742,0.06738430838944133,0.0019903278582133767,0.14183116555241038,0.42237675766463906,0.16662949405364572,0.0005377677406372375,0.006844090923099951,0.005567769302412942,0.07320346448898814
pmlb_profb,ADASYN,ADASYN,True,0.02901117126439312,0.037558298627946254,0.008547127363553134,0.5805260899065171,0.6095372611709102,0.5513698756944594,0.015189646006356972,0.006871407187248786,0.02608623087974216,0.017975097564763193,0.07825154935915292,0.010201009707414629,0.06464070287979662,0.001917515681221675,0.1740101293898155,0.04828417702359632,0.0014953946352583027,0.00027791354973350315,0.003429350441439991
pmlb_saheart,KMeansSMOTE,SMOTEENN,False,0.07982692878106334,0.08876451693656276,0.008937588155499415,0.5969799240160348,0.6768068527970982,0.13773212283997907,0.0738454914932782,0.051254442934754306,0.006178213002667874,0.04552042147696215,0.18761620695589545,0.043886700977108395,0.06791633096553742,0.016606288316702498,0.19455896141693937,0.07020880114997365,0.06219868949203386,0.009621379092185725,0.03285594988598217
pmlb_satimage,MWMOTE,MWMOTE,True,0.019433832223647585,0.01937050867202228,-6.332355162530501e-05,0.8706794045235807,0.8901132367472283,0.00029443518057775783,0.0002503873042798335,0.0010520219816530817,1.3211991329703538e-05,2.1975713855020708e-05,3.577064491411925e-07,0.9643645906594305,8.048852925218573e-06,0.000505305263890372,3.968315573928511e-08,3.0647634833082426e-06,0.03328179979038156,4.24866473025966e-11,0.0002047610661021149
pmlb_schizo,SMOTETomek,SMOTETomek,True,0.13189488125662013,0.11341646341829759,-0.018478417838322547,0.30726499952498953,0.43915988078160967,0.008917487982203369,0.003036824996124303,0.02462889677645365,0.00344210192348929,0.0024543815731149854,0.0014345151126705688,0.02877386783830258,0.0020101738316283414,0.02398580224554413,0.09715773900771006,0.7549568062810769,0.03295509319701635,1.0975632841288575e-07,0.01624619947833706
pmlb_spambase,BorderlineSMOTE,CBSO,False,0.006065923650358407,0.007629897280893574,0.0015639736305351672,0.941968291618387,0.9480342152687454,0.058357483785139476,0.15361152375014692,0.1524790904271518,0.17195433593601855,0.0018811500851691678,0.00010557417531482731,7.837970393907735e-05,0.1464010803418911,0.011041552238898836,0.04330021008857964,0.005374511847993758,0.03145009761450981,0.17161657876708702,0.05234843123816003
pmlb_spect,RandomOverSampler,RandomOverSampler,True,0.047560848203839434,0.04054848206288363,-0.007012366140955802,0.7490346596182519,0.7965955078220913,0.16052092461193596,0.030084969707244884,0.09582967972628574,0.015269229061556006,0.016912641138792484,0.014998108713084242,0.00046339481151046023,0.1826167856097207,0.07994570393978742,0.09390106434566521,0.008341784622530235,0.134941617816889,0.12432457540568805,0.04184952048930952
pmlb_spectf,RandomOverSampler,SMOTEENN,False,0.0,0.0159822349288357,0.0159822349288357,0.939513272085998,0.939513272085998,0.008668227484479032,0.0004884027225773897,0.11344675795103192,0.0025621539032382994,0.06977845594457142,0.0029318713459265027,0.0008366562337534896,0.12149564395362242,0.1764742883182243,0.3406312165516395,0.0023455951903307275,0.020244129541766475,0.025567155981992037,0.11452944487684628
pmlb_splice,BorderlineSMOTE,distance_SMOTE,False,0.008525513397920181,0.009052837614240175,0.0005273242163199941,0.9425418868007043,0.9510674001986245,0.0358071482061876,0.012112009786941347,0.23683887848269822,0.05476774321677546,0.0006490832675934483,0.0003424901947456954,0.0161969174984281,0.0842361535539373,0.040930918366356366,0.019037435407591945,0.10120588902730618,0.009034273221754745,2.1437000963707174e-05,0.38881962276871984
pmlb_tic_tac_toe,RandomOverSampler,SMOTETomek,False,0.02852996508380512,0.031052621331738726,0.002522656247933606,0.9366253574026971,0.9651553224865023,0.15887028802682307,0.02624231259691986,0.04536330120524781,0.05686457770662263,0.026140238894607343,0.1551597305798396,0.03212288517668224,0.07601947863363528,0.003984256773475827,0.18674194204203162,0.19801340945401957,0.0013313187672069858,0.0004288376115032065,0.032717422531384856
pmlb_tokyo1,CBSO,CBSO,True,0.006903478402651153,0.009013423673583992,0.002109945270932839,0.8960195418918979,0.9029230202945491,4.856616586046955e-05,0.03607511622146753,0.004446639328135265,0.6604463720650274,0.0008951296380868903,0.0004017679095935275,0.005659991079901484,0.19134491923153293,0.06333713401140867,0.02492652450076359,0.0012955856197742917,0.008989312530981026,0.0005446063028327292,0.001588335394634168
pmlb_wine_quality_red,BorderlineSMOTE,BorderlineSMOTE,True,0.027091949877967203,0.050644977557883754,0.02355302767991655,0.26006594420886003,0.28715789408682724,0.00031185172152449573,1.671138312954472e-07,0.7638168738718523,3.309974847898585e-06,0.0164221148612158,0.14296699304010282,0.00013109472485112512,0.0021828314265940696,0.0036947459710104883,0.00014627982491181754,0.06087922388340821,2.356540166421092e-05,0.0001367671939440761,0.009284180990241229
pmlb_xd6,RandomOverSampler,DBSMOTE,False,0.0,0.007788736849956548,0.007788736849956548,1.0,1.0,0.0418289184684084,0.006505847112382,0.0025586217308399073,0.04895362272658605,0.4107474188899832,0.007824384016837275,0.0004146408164537746,0.2503922240778257,0.07062793213964791,0.07791368639184078,0.011982157121672353,0.0004217443189497322,0.0001261994977121731,0.06970260269086102
pmlb_yeast,SMOTE,SMOTE,True,0.22543677077673513,0.147453570191202,-0.07798320058553312,0.37778764736967513,0.6032244181464103,0.046282598542971655,8.421752786207085e-05,0.16159852957434295,0.0005944858393841761,0.089463362348619,0.029464858627201752,0.08619297000232096,0.0030025786801791557,0.519184363641541,0.00018286586073294262,0.02223338940216858,0.02350038077509181,7.037686957415515e-07,0.0182146954088884
