dataset,Baseline_balanced_accuracy,Baseline_f1_macro,Baseline_g_mean,RandomOverSampler_balanced_accuracy,RandomOverSampler_f1_macro,RandomOverSampler_g_mean,SMOTE_balanced_accuracy,SMOTE_f1_macro,SMOTE_g_mean,BorderlineSMOTE_balanced_accuracy,BorderlineSMOTE_f1_macro,BorderlineSMOTE_g_mean,SVMSMOTE_balanced_accuracy,SVMSMOTE_f1_macro,SVMSMOTE_g_mean,ADASYN_balanced_accuracy,ADASYN_f1_macro,ADASYN_g_mean,KMeansSMOTE_balanced_accuracy,KMeansSMOTE_f1_macro,KMeansSMOTE_g_mean,SMOTEENN_balanced_accuracy,SMOTEENN_f1_macro,SMOTEENN_g_mean,SMOTETomek_balanced_accuracy,SMOTETomek_f1_macro,SMOTETomek_g_mean,RandomUnderSampler_balanced_accuracy,RandomUnderSampler_f1_macro,RandomUnderSampler_g_mean,TomekLinks_balanced_accuracy,TomekLinks_f1_macro,TomekLinks_g_mean,ENN_balanced_accuracy,ENN_f1_macro,ENN_g_mean,NCR_balanced_accuracy,NCR_f1_macro,NCR_g_mean
extreme_combo_f100_n20000_ir40_c5_rs323,0.3150747969219524,0.20087906536332256,0.28507312665594015,0.31206197643855216,0.18986949690630175,0.28238662320100233,0.3100600953783207,0.19421584628991054,0.2811542499488164,0.3002552890983177,0.21947867225331227,0.287219656542321,0.2822415303100028,0.21814921393844036,0.11497503284575623,0.31434923009605986,0.19132017898448084,0.2735520942282899,0.22332107474670715,0.20933366437148648,0.044559401455537266,0.3092067645122573,0.19631620023919005,0.28276804522967924,0.31130679505636816,0.19537329654554558,0.28325776923977464,0.3102482257014491,0.19544636837992194,0.2924101184565124,0.31078140384782893,0.21951844161886344,0.29862526836694986,0.2567841685255094,0.1951241956911521,0.0,0.24632496548062668,0.22853694428930715,0.05075132806695929
extreme_ir18_c2_all5_rs213,0.739632189343639,0.7247703417750769,0.7111778718739488,0.7323871856933059,0.7215717479680966,0.7018975285131912,0.7344388204184629,0.699685082135488,0.7106460971657725,0.7400988789247789,0.7066959335550654,0.7175467578430341,0.7316549433740471,0.7161937211715527,0.7017048570905947,0.751179647457529,0.7056495608012443,0.734047436099318,0.7129116371473424,0.6923384273610327,0.6798623648786842,0.7517105913767077,0.6599240642040597,0.7443871978506268,0.7344388204184629,0.699685082135488,0.7106460971657725,0.743695996255974,0.5783220755601043,0.7427099389492646,0.739391577877663,0.7161312422173159,0.7128198671532354,0.7421910053191046,0.690988817859096,0.7247563631947624,0.7543350961981715,0.692108692464443,0.7410159753600896
extreme_ir30_c3_clf_rs222,0.6334590176986351,0.525190232751535,0.6074600263138513,0.6262980951181661,0.49715589873523486,0.6054630142443775,0.6252819151837578,0.4745025328227434,0.6134457382885725,0.6222243630234402,0.49006801290964486,0.6027912355938455,0.5922314414530708,0.5421797175620221,0.5469174306944026,0.6151763650627915,0.44229691247352293,0.6058467258766521,0.5535773326354718,0.5111157468206177,0.5190667763647796,0.6364082351671133,0.44916784959104467,0.62747433554786,0.6252819151837578,0.4745025328227434,0.6134457382885725,0.6110396653852332,0.4354684834407758,0.6091270484206279,0.6373020396129769,0.5513597131897764,0.612148658748271,0.5284486182490903,0.5029475975796852,0.4639036275966945,0.5541170276842095,0.5313545000757982,0.505902102290158
extreme_ir42_c4_all5_rs237,0.6826470195221331,0.5342697302414591,0.6603637613795319,0.6581381635077918,0.53387084629056,0.6366757880603021,0.6500535961771082,0.5186389737000524,0.633110816971075,0.649399506678863,0.5347001283177991,0.6367339966240967,0.6455812382144929,0.533851251550762,0.6234331727731034,0.6661222801345308,0.5321115977919232,0.6523545559737237,0.6218271924824146,0.5295403676184045,0.6022574239791324,0.6513878056224911,0.49358577155542466,0.6430903297627099,0.6500535961771082,0.5186389737000524,0.633110816971075,0.5800501789785755,0.39737475771365977,0.5491382791754461,0.6507772065940095,0.5161273713724849,0.6249993442955809,0.42460984112263384,0.3053550611694013,0.06743321891193978,0.5621960562001697,0.4737509587059711,0.45358593543845566
extreme_ir88_c5_gauss_rs247,0.4184698394478246,0.40797727875205464,0.353115330805438,0.3768106388433969,0.37340464614233726,0.31712122592259456,0.3759004072278112,0.34091773893544824,0.32865290633313055,0.3519994368668198,0.3473044512771443,0.3006149031299865,0.36325284168538835,0.35159522799131104,0.302171348126872,0.38853129531273245,0.3497039020148998,0.34625677922256,0.3768310610716387,0.35075506691681985,0.3341866525895379,0.3567080571076697,0.3245304452104059,0.31476285569934703,0.35803429754644966,0.3283357674267428,0.3092548140707235,0.3569469343979735,0.31352210353500215,0.3117541729252235,0.4042717642231555,0.3924790607388757,0.3368860021775128,0.2797017605841135,0.22328692095337613,0.0,0.28696104494131974,0.2523837916635415,0.0
extreme_large_n20000_ir16_gaussian_quantiles_c3,0.7339004929551954,0.7329796798170197,0.7270302365928604,0.7018697179728582,0.700963458683561,0.694515282833568,0.7158740328673137,0.670770721244994,0.7072266364230981,0.7140639625218389,0.6833349943565797,0.7091131733882663,0.6574468302596205,0.6458885602895653,0.6368484653181196,0.7137105026465315,0.6684702740389046,0.7064002221869975,0.6986205955996869,0.6686436599569384,0.69141258086945,0.6969213193729508,0.6226297662711217,0.6763223010098001,0.7144266492067919,0.6679428799923275,0.7059703388858648,0.7070836612333617,0.6461055094653037,0.7007678270496759,0.723649233294695,0.7177800755083146,0.7153198824495112,0.6451564518484539,0.48041690975978296,0.040939404955811075,0.6547142783689098,0.5273367902330387,0.42668347029957826
extreme_lowd_f3_ir18_moons_c2,0.9813333333333333,0.9800061823824778,0.9812039943881391,0.9876666666666667,0.982047265987025,0.9876072171203871,0.9873333333333333,0.9803830262423228,0.9872754038944512,0.993,0.9944833314833316,0.9929695141194436,0.996,0.9945163348166649,0.9959861827321795,0.993,0.9944833314833316,0.9929695141194436,0.9793333333333334,0.9851301841215298,0.979103543669376,0.988,0.9837402109240342,0.9879386953503819,0.9873333333333333,0.9803830262423228,0.9872754038944512,0.961,0.9116697908282901,0.9609660302497577,0.9813333333333333,0.9800061823824778,0.9812039943881391,0.9813333333333333,0.9800061823824778,0.9812039943881391,0.9813333333333333,0.9800061823824778,0.9812039943881391
extreme_lowd_f3_ir32_moons_circles_c2,0.869990357617542,0.6608958252609537,0.8695640557740797,0.8825906545454981,0.6346332570013228,0.8822760076674672,0.8968500753086818,0.656378209660082,0.8964892560497084,0.8648316231862211,0.6364018713946122,0.8643167044068191,0.8559775593287657,0.649139202692558,0.8552652572890134,0.8848203059482493,0.6390706022974845,0.8841621004186182,0.8910467009533516,0.6426610948840247,0.890551762354748,0.8868560330090096,0.6553157589426429,0.8865905335899044,0.8812995802094287,0.6531709367361088,0.881042145606104,0.8607595709020174,0.6089624559870151,0.860317635375599,0.8582087061382259,0.6547284510136818,0.8571449274143667,0.8661941181467006,0.6510053995744872,0.8657342187826415,0.8670865768704846,0.6533388870120969,0.866577710572687
extreme_manycls10_ir30_classificati_f30,0.49063606858367415,0.496884376959954,0.41676564987288206,0.49229961833432495,0.49822924177192096,0.26836928767237755,0.5139770776434901,0.5110103945527366,0.3103766479489783,0.5039854175581159,0.5015260277448276,0.28955191426770543,0.4788339048974762,0.48094385139176804,0.2729393201906661,0.5350226737342579,0.5310790009752054,0.487679400762854,0.4554929059034328,0.4623545571636867,0.25793039521941424,0.4777340143523617,0.42941694794105806,0.4340835203601907,0.5124333280822186,0.5096759153489002,0.4475454342297059,0.36394363086040354,0.3418931390697721,0.34127491676534283,0.48264963478339656,0.49088179647347435,0.4195884373740442,0.25484733361516054,0.21116988545986703,0.0,0.33451837261351886,0.3394149327364843,0.0
extreme_noise_gamma_sc6_out12_classifica_c3_rs312,0.4834837265667656,0.47362706771472635,0.45881297259949166,0.47190863798607746,0.4605536893225466,0.45027233282820006,0.4585947872370391,0.4349014781769546,0.44253591433917766,0.4686109841427735,0.44452355194755855,0.45239394111364506,0.4431907286520807,0.4514499135602909,0.3671093520009319,0.45175322503910426,0.4256726994210805,0.44020318119671575,0.3944629387438108,0.386716285073391,0.22463156213683053,0.4618263960896111,0.4202147209323417,0.45853409223653685,0.45660564076068905,0.43440109020431367,0.4412059073045194,0.47596860434234706,0.4515246961134583,0.46456701313824844,0.47447393786163355,0.46916591067798713,0.4358300910890558,0.44004572148168736,0.3625374549211544,0.09959362611817757,0.44662516474225705,0.4311379693451862,0.32322258702095324
extreme_noise_pareto_sc15_out25_classifica_c3_rs314,0.46260661107582246,0.4301644590489236,0.27550172170376847,0.4548546666611247,0.43731190145470994,0.33077937368809435,0.4530025055197835,0.4482887362303598,0.37801460694120986,0.4451867388963544,0.43565483740476235,0.3581940712621738,0.456281759291447,0.4234754642644533,0.24563111595103862,0.4612291968450586,0.45372101541755844,0.4023136718848386,0.4386993269175074,0.43125264711359595,0.3077774583956481,0.44658432903695083,0.4421825326286435,0.40918470861903794,0.45532344303037536,0.45188501688130484,0.38669783789195117,0.4570354902626161,0.43853900922137573,0.35629240332429496,0.4602624758096028,0.42079269235951716,0.23765983420242573,0.4618359292872376,0.404129656554431,0.03969093285559996,0.4594200445319081,0.41834955652241373,0.21229518034307074
extreme_noise_t_sc5_out10_classifica_c3_rs310,0.4344861753851026,0.42871742428238924,0.3831590683572646,0.42077905005428945,0.4046978981640577,0.3823712760730918,0.4166254545676136,0.3926382714869498,0.3870661132192841,0.408683359836969,0.38945826043162307,0.37815613136312715,0.40050616229909725,0.40171559590984307,0.2807783730802555,0.4199305692898247,0.3903927739046494,0.4050489042969703,0.38822544497116573,0.38262975773239266,0.2210860546512888,0.39897734089373077,0.3573331015297317,0.38269793402786023,0.4191607731998596,0.394814209405388,0.39106826674462863,0.4253803308700661,0.40336065578352454,0.40480719313983204,0.4235619440082387,0.42214405525845766,0.3708888418676645,0.40181818440711936,0.33729764528339495,0.09482646761727469,0.41246756220725217,0.40621343778005076,0.3031328568173471
extreme_sparse_f500_info5_c3,0.6650599300637271,0.6380625340688365,0.6127647958252298,0.6764801519094994,0.6204885433500017,0.6466901207909562,0.6739159267972282,0.6114620561518351,0.656583367924467,0.6584206258311055,0.6059816897061546,0.6313290338022335,0.594488343921722,0.5568469489594109,0.5684953880744666,0.6742963692654095,0.6060004967518257,0.6611425551559112,0.6180219646864894,0.5909230605422588,0.5703377234045873,0.5109713487071977,0.2073649736147314,0.0,0.6739159267972282,0.6114620561518351,0.656583367924467,0.6584951388999523,0.5818917553595929,0.637236673054728,0.665143869129207,0.636742798520275,0.6146315834715294,0.4676236044657098,0.38545917320717943,0.0,0.5297765217649556,0.49963771198795603,0.42123938315430326
moons_noise_gamma,0.9551175862579372,0.9520886504428691,0.9550423052517968,0.9541529962582594,0.9515283471900288,0.9540538100467978,0.9551164331866087,0.9524701051102159,0.9550040658046822,0.9553084557470521,0.9444059761281114,0.9550253974270094,0.9543588846220424,0.9447579828138463,0.9541016930710612,0.9507349599454863,0.9362868108461173,0.9502399846742771,0.9482537144817846,0.9401078948106427,0.9482068328323682,0.9541391304549198,0.9502228941058171,0.9541102767025453,0.9541655401304524,0.9523799735813011,0.9540437228406725,0.9541090927055839,0.9485086446259908,0.9540461846972458,0.9560622073779967,0.951736479533818,0.955991785499399,0.950486489960174,0.940433294158959,0.9503392887538332,0.9527519470501926,0.9432539848666334,0.9525933333327797
rand_0017_moons_swiss_roll_circles_c5_f200,0.8752463334620352,0.8680745395979915,0.8751268760879967,0.8716825361804705,0.8658516219059553,0.8714295123729526,0.8705847420848397,0.8655097089413495,0.8702801995836958,0.8752092938997226,0.8616696037966761,0.8751404755629083,0.875316489178868,0.862366076654836,0.8752712844443883,0.8748287896785074,0.8641024030066934,0.8748116305786714,0.867494587905525,0.8641489871621925,0.8669758313799806,0.8485821567588405,0.8281913549341332,0.8479337099604903,0.8692309200374367,0.8643310214660457,0.868892462877195,0.8697816075042445,0.8568020362174402,0.8697281223684428,0.8732691413875946,0.8617224284230102,0.8732579376819641,0.8408968983963682,0.8079022910311142,0.8368965152683927,0.8628888159309854,0.8417189923246386,0.8620417984745803
rand_0018_gaussian_quantiles_moons_swiss_roll_c4_f500,0.6959633708048901,0.4844281891152225,0.6574565629137364,0.7048502238047175,0.48506511899608656,0.6616791659324303,0.6561793714027906,0.4732626303188099,0.6337053051541512,0.5601974136982765,0.4698193166158971,0.49697484287668137,0.6172948004864398,0.5044030785633287,0.5890885006102399,0.6528532014825831,0.47012739987816055,0.6302735841926448,0.6337000462686248,0.48891993101684866,0.6213357620576375,0.6234019532270468,0.270103788093504,0.0,0.6561793714027906,0.4732626303188099,0.6337053051541512,0.7154030220147067,0.47581461624835125,0.6628778868065605,0.6940766497565276,0.4861180769200874,0.6574431047283754,0.4356380819526871,0.2877362665152392,0.0,0.44540676343410235,0.3000931020780681,0.0
rand_0021_swiss_roll_c3_f5,0.9857350312146623,0.9865310923835168,0.9856636521407669,0.9811423192162797,0.9820138449306318,0.9810428100292262,0.9855428471107834,0.9853431417962745,0.9854690004641334,0.9828899583349857,0.9781464617562382,0.9828256957750723,0.9851428858169733,0.9815448128484983,0.9850682010635256,0.9845430053609775,0.9804070691163229,0.9845281571568002,0.9876821503889635,0.9844664204637219,0.9876374766156478,0.9810931605128251,0.9831883686554734,0.9809558106430206,0.981726622981653,0.984035901972633,0.9815738964636678,0.9843998054965476,0.9798842226717821,0.9843353427384921,0.9848698550920872,0.9853499813396995,0.9848006742128437,0.9814697034836977,0.9831714895691809,0.9813216639453141,0.9826005353451545,0.9838922535231426,0.9824806597447329
rand_0025_swiss_roll_s_curve_c7_f20,0.7916266392898658,0.7705959799963601,0.7892585851179675,0.7799016730185699,0.7693325287363212,0.7763787345809368,0.7891750448759236,0.7759500208384312,0.7870738504358513,0.782083214647464,0.7671907340655778,0.7796846517937572,0.780731345195378,0.7728774871788087,0.7781656627806844,0.7921167627080865,0.7704025240004038,0.7906971345267925,0.7766327145130321,0.7629437219348895,0.7722725272904017,0.7961268806189451,0.7746433523454281,0.7951129022960052,0.7920623039515456,0.7785004680061149,0.7900011071245144,0.7140516469464032,0.6556826866804868,0.706389197601465,0.7884248414820547,0.7682391235519678,0.7855452355400915,0.6943463256107903,0.6680251357787069,0.6786724643231983,0.7638373626037276,0.7426256883974859,0.7583133813685846
rand_0060_s_curve_circles_gaussian_quantiles_c3_f10,0.3995590553006072,0.3812742380247361,0.31887438223543907,0.39484303822539113,0.3754115438640971,0.32567660658488656,0.39259749139286065,0.3546363285242827,0.35719077759568113,0.3935625023703872,0.3637069844644687,0.3261714375520803,0.3987465392346494,0.3569760677592922,0.3396804436797372,0.38886571176934126,0.3445549174677128,0.3488708780029055,0.3270868362389013,0.31865819927893696,0.07752978264372505,0.3809928656612011,0.29123168035014424,0.3705798246348293,0.3962710648411525,0.3518971354359002,0.36687633549181853,0.37317295820111845,0.29608077808816763,0.3615844309460286,0.3805704099821747,0.3568266320452444,0.27192001047827213,0.3786633017703105,0.3205824975187697,0.058805518532068196,0.3934487237835173,0.3573739395136619,0.15603142399002587
rand_0064_circles_moons_c4_f3,0.6377463369914796,0.5688713826895081,0.5450563966126204,0.6216783293286444,0.5678580207703536,0.5557695103788471,0.7252386790184358,0.6136635221670607,0.7004677775084583,0.6592026403541807,0.5800760922221031,0.4516642236808878,0.6664953954917635,0.5807313844557008,0.4614066104045311,0.7317972411848221,0.6311214453363165,0.7204510910147778,0.600834796415052,0.5650211516765776,0.4967704019581107,0.735966526811967,0.6246190619574423,0.7143959685210813,0.7324706013398469,0.6193200374288517,0.7135198914466856,0.25,0.010936245843366587,0.0,0.6323558643497817,0.5684875934852422,0.5534486824728425,0.5100178111413451,0.4415839112966246,0.0,0.563563010642041,0.5005965249055395,0.1377260996874546
rand_0077_moons_c3_f3,0.7181070115554089,0.610892893736979,0.7133445774062253,0.6746316839659566,0.5676436709409854,0.6698178677933403,0.7042488520825964,0.5801200377098982,0.7018674756962944,0.7062929104316917,0.5940549333227183,0.7022194118990935,0.6882735500558678,0.6250432404893381,0.6657987472884955,0.7139172433642317,0.558223736421212,0.7132474184405364,0.637044323042914,0.6092686990519808,0.5787370984591244,0.7058632023056116,0.5783768650683454,0.7048135659466729,0.7062448600666281,0.5830311786922174,0.703552624853789,0.6847285795330881,0.5110675235512835,0.6799442122233378,0.7219139181449855,0.6065869447139313,0.7185206015041373,0.7149979975446689,0.5725837786480121,0.7146998871961309,0.7175960517454002,0.5808718116150448,0.7172193659020278
rand_0083_circles_gaussian_quantiles_moons_s_curve_swiss_roll_c2_f5,0.7194380604300997,0.6775880050023351,0.7131110643374304,0.7158894621264297,0.6724534094571597,0.7103298056907076,0.7006085561200165,0.6493557498048027,0.6972533041823348,0.7083684770842952,0.6522770760027631,0.7052036202745077,0.6956287167011509,0.6799770685232386,0.6773660339445956,0.701351167932156,0.6263823352542115,0.700501684217783,0.7048853402416159,0.6590795706452465,0.7004554208544449,0.6966671823368706,0.6056422362014928,0.6951809456150323,0.7121150552216452,0.6566429040373528,0.7092561844715327,0.7005500194679738,0.607302030118332,0.697823647592324,0.7108429150968932,0.6605183678277267,0.7068014402865511,0.6974026239012959,0.5979294803162503,0.6925434673633727,0.6999080181991199,0.6035488788732227,0.6956295033662846
rand_0092_moons_s_curve_c4_f10,0.9070361290756027,0.886275221646843,0.9030311682910712,0.8887707687049792,0.8671658208761551,0.8832049658553788,0.8926931986142512,0.8566408923423822,0.8889845027316374,0.917304004475057,0.8738698986385716,0.9151392637239232,0.9046246151509311,0.8792378247564052,0.9021733823642554,0.9259808174281859,0.8561330586968766,0.9249224842643603,0.8697459338906709,0.8692335268209757,0.8586162090350898,0.8998245906140642,0.8588315005046873,0.8970632048494224,0.8958983268193794,0.8684150496096464,0.8918447683307466,0.868380522985786,0.7053426460804664,0.8672939643461884,0.8768316843974739,0.8452949556769607,0.8706067187302904,0.8911059700533385,0.8499629693233349,0.8872360002625523,0.8847643584485688,0.8507073383666298,0.8797940850830637
rand_0099_swiss_roll_s_curve_c4_f10,0.9236522413300289,0.9228236699387651,0.9223406240655917,0.9195867160836432,0.9216697348165415,0.9177732508228417,0.9149940616402424,0.9169059821056403,0.9132461090376799,0.9121242034718767,0.9185143783782245,0.9102960226843494,0.8968948313417145,0.9025037044781908,0.8929687375892564,0.9237254049238247,0.9277260539482771,0.9217984370314222,0.9155523054036004,0.9191486915627719,0.914128406740052,0.8882491866732428,0.8500170196631052,0.8866600544741924,0.9280479202779466,0.9301204337892109,0.9267959901541737,0.7636404984879523,0.677677691608145,0.7573104993061275,0.9133352366100391,0.8978596642407041,0.9119015384573904,0.791925676021374,0.7604093779732183,0.7806196402988759,0.869815146808123,0.8422586856291158,0.864465555949473
rand_0114_gaussian_quantiles_circles_swiss_roll_c10_f2,0.7714608890620229,0.17278452369324418,0.35542298094045516,0.7550118135523198,0.17023804597388595,0.5041977519930482,0.7713636101821905,0.17312876530280663,0.376456616755419,0.7435654628206251,0.17271019404073454,0.5389072346937515,0.7422440218967411,0.17370545069342072,0.5667205070671687,0.7723084633905971,0.17158895831520737,0.4875115409844797,0.6078743774969372,0.18271036802055454,0.49381946256211645,0.7755580281994922,0.1771008236335844,0.6023793055353802,0.7660557439593654,0.17230167368663563,0.3647149888143528,0.7399425357548254,0.1357851050515452,0.0,0.6996257986121078,0.17456811316793727,0.5167367698419455,0.1936500112332169,0.10782796090603484,0.0,0.19452435165784435,0.12161038695642794,0.0
rand_0127_s_curve_moons_c7_f5,0.3838122029411153,0.36916239814171053,0.0,0.38012388887544274,0.3521327914224443,0.0,,,,0.44765424792421044,0.4119965086396197,0.0,,,,,,,,,,,,,,,,0.14285714285714285,0.0007185445870681425,0.0,0.33643519442790826,0.3144998707458379,0.0,0.34670715696890503,0.28903044886451146,0.0,0.3523473887014625,0.2987047960818005,0.0
rand_0132_swiss_roll_c5_f100,0.9186888378375726,0.9082475370179627,0.9179655990144636,0.9218919112635139,0.9132014886428078,0.9213445101755949,0.9208446841613949,0.9153517466949666,0.9203651851016114,0.9060544018417546,0.8929636363628434,0.905205308494989,0.9242870645241498,0.9139237540900056,0.9238132027716981,0.9114041965002689,0.8986431046864657,0.9107681788890142,0.9086706270095565,0.8998592558815424,0.9080684902159061,0.9054961568953152,0.8899491674366197,0.90492044803816,0.9149005392874253,0.9089209426643977,0.9142845185108053,0.9048236038428547,0.8858168533953714,0.9033248679262836,0.9173361483157562,0.9092514391128496,0.916071056264654,0.8962004398516475,0.8813352023889616,0.8929885519245283,0.9033075705398278,0.8920369122822821,0.9007863739031464
rand_0136_s_curve_c4_f20,0.9509467520027864,0.9509636430216996,0.9508158094156625,0.9499943710504056,0.9500064873287549,0.94985332181266,0.9509467520027864,0.9509521802282258,0.9508102077747732,0.950470561526596,0.9504735023558917,0.9503213860916556,0.9499943710504056,0.9499952567258679,0.9498477371221975,0.9571259702940738,0.9571880146990902,0.9570700940253055,0.950470561526596,0.9504839848665328,0.9503414230491876,0.9404678247997214,0.9405037150235801,0.9403130534299532,0.9499916343235308,0.9499936984057421,0.9498438570337197,0.9495181805742151,0.9495223088935707,0.9493804301965222,0.9509440152759119,0.9509501125759655,0.9508189087323012,0.9418991329551675,0.9418952001296542,0.9416609023785943,0.9485685052495397,0.9485330965256024,0.948408273565995
rand_0137_moons_c3_f3,0.757971180674999,0.5786654738108318,0.7135882816082751,0.6129935404961204,0.5133386531470355,0.5831831532954105,0.7550491151626343,0.5855509204220527,0.7355001202798732,0.7276057791537668,0.5577782081691364,0.6994849417508507,0.7242766502312424,0.5695536653878377,0.679687786950411,0.7416007338607958,0.5544590778406774,0.7275782415485891,0.6263071895424837,0.49549976889995995,0.22931632853408815,0.7565760807246876,0.5590142348982587,0.7438321936410824,0.7494859152237893,0.5768583931829775,0.727676483440019,0.3333333333333333,0.06155451225873761,0.0,0.7566372357910026,0.581041359637584,0.70475963078423,0.6745289148797919,0.48263226270661336,0.3419935660252145,0.6998356457592783,0.5448782152019768,0.5455420742995261
rand_0141_s_curve_c4_f5,0.969,0.9690507729334569,0.9689344435470728,0.969,0.9690507729334569,0.9689344435470728,0.969,0.9690507729334569,0.9689344435470728,0.969,0.9690507729334569,0.9689344435470728,0.969,0.9690507729334569,0.9689344435470728,0.969,0.9690507729334569,0.9689344435470728,0.969,0.9690507729334569,0.9689344435470728,0.967,0.9671590185512513,0.9669690747426017,0.9699999999999999,0.9700697832343504,0.9699663366106296,0.9673333333333334,0.9673995056911716,0.9672770352555404,0.9700000000000001,0.970050178979232,0.969960519968858,0.967,0.9670094486098417,0.9668626247687685,0.9673333333333334,0.9673711051436583,0.9672451207089879
rand_0143_swiss_roll_c3_f20,0.9667084790606514,0.9665948557799129,0.966465306335775,0.966055842639514,0.9659350201024935,0.9658118262374255,0.9654003198600973,0.9652786913108219,0.9651553534395209,0.9657328787039073,0.965602175868498,0.96546876468955,0.9654003198600973,0.9652740762675444,0.9651529458630838,,,,0.9663835983752395,0.9662515321685333,0.9661143512523149,0.9618352577690835,0.9616197462305461,0.9613608470967817,0.9650725528660025,0.964960432424187,0.9648230817000784,0.9657319146998199,0.9656040124282073,0.9654640610983886,0.9660635095395423,0.9659124295011706,0.9657628925693036,0.9608587103206044,0.9606206466253839,0.9603833623483826,0.9611730208353565,0.960967971270989,0.960769271702515
rand_0144_moons_swiss_roll_c3_f500,0.9935735873884505,0.9930386122751867,0.9935718036446485,0.9936332582904539,0.9932751616071243,0.9936315736463923,0.9917696173534335,0.9915916605326053,0.9917673830527196,0.9916530691985074,0.9906491482778196,0.9916471844427166,0.9938793220866655,0.9918640604298471,0.9938579720295787,0.9909914773214864,0.9899307610762925,0.9909882509911601,0.9911088037925255,0.990870166428253,0.9911057154675055,0.9901516093757868,0.9889718341696611,0.9901446853757472,0.9915305029085818,0.9911142842618972,0.9915278624484323,0.9896154191165536,0.9873424797827196,0.9895791893230514,0.9918328602206311,0.9908857710743427,0.9918287916457275,0.9903329153513557,0.9887435044747406,0.9903229334414795,0.990033004209112,0.9885078919125441,0.9900194805236323
rand_0154_s_curve_moons_c4_f200,0.5636639873021178,0.46755431763074284,0.5602365072453888,0.5052392355489085,0.4260731008687031,0.4806663107532492,0.5440128649955632,0.45228966505413437,0.5367635663698463,0.5436759756709738,0.4494925257427181,0.5347682487017932,0.5045694668574153,0.4218031928321577,0.46181923455884605,0.5342208506268115,0.44184201966623277,0.5189742362057421,0.48230101552316906,0.40057354387975574,0.39600846181766697,0.5252486942848651,0.43666276188645603,0.5132376627875564,0.5250472674602062,0.44031107024486654,0.513650203341141,0.5606032251582855,0.44337230211958456,0.5450910514573793,0.5350755488261134,0.4415056716647034,0.5119637598259902,0.5448356082725605,0.38204178243051673,0.0,0.5401359423856754,0.3915358131402707,0.12477749476141854
rand_0156_s_curve_c3_f3,0.9584853912208172,0.9584249156096978,0.9582236728443266,0.9579848907203167,0.9579341196936215,0.9577255434982895,0.9574843902198161,0.9574290153729219,0.9572171973082199,0.9574843902198164,0.9574373831389785,0.957233541984929,0.9579848907203168,0.9579431194694346,0.9577429194529367,,,,0.9569861341161788,0.9569387121673151,0.956728135934148,0.9534714086283592,0.9531507586667273,0.9527144123899681,0.9574843902198161,0.9574631139091757,0.9572643053850376,0.9564833892188153,0.9563958149972814,0.956165851015451,0.9574843902198161,0.9574974905668806,0.9573150932203008,0.954975154526724,0.9549541336976497,0.9545747886929746,0.9564789004250888,0.9565068641637481,0.956242760000701
rand_0162_moons_c10_f5,0.998200389529285,0.9981255053666076,0.9982001796219918,0.9982502296092018,0.9981258036828686,0.9982500756526543,0.9982502296092018,0.9981258036828686,0.9982500756526543,0.9982501246826204,0.9980014577470557,0.9982496097247244,0.9982500646706133,0.9980015685175315,0.9982495793841649,0.9979501246586157,0.9976270418351119,0.9979493087906327,0.9974496845305548,0.9970055978405381,0.9974469927189399,0.9974504193943495,0.9973758570960146,0.9974503858854185,0.9982502296092018,0.9981258036828686,0.9982500756526543,0.9981004095252858,0.9980006015791846,0.9981002146615515,0.998200389529285,0.9981255053666076,0.9982001796219918,0.9977502095651914,0.9975016922595787,0.9977498598176924,0.9981502496052027,0.9980009367918149,0.9981499905239467
rand_0167_moons_circles_c5_f500,0.5664363881836202,0.5009567798890355,0.5114487516841103,0.5477559871358681,0.4890755049039559,0.48996810175636923,0.5579832019697085,0.49301439558981136,0.5062177035732819,0.5597079301355593,0.48618325450172195,0.5132365516087886,0.5632769962290837,0.4952742893659359,0.5142043807972152,0.5564735357885713,0.4840008697871849,0.5090092281752335,0.4734242169086868,0.4648758288600119,0.3754617073755922,0.555162235847887,0.48623594287234684,0.5055164262470386,0.5448212133344931,0.48401672920003974,0.4920693748674371,0.5149424976232062,0.441147558272415,0.4774286672913144,0.5517117616418243,0.4905339527436973,0.49492241117772523,0.5199904777159549,0.3840068207327745,0.0,0.5354886688359384,0.46177646647397835,0.4136416513433068
rand_0179_s_curve_swiss_roll_moons_c10_f500,0.7613086983100872,0.643749020532375,0.7597404845059123,0.7519578984487293,0.6535316923948856,0.7500627197389457,0.7557817517258681,0.6552178289197409,0.753773934290736,0.7483243207664572,0.6547386836297499,0.7460082496091734,0.7581820500518166,0.6603820537337618,0.7564621437329485,0.7541855541910731,0.6484517877726229,0.7520955078365915,0.5199502959038251,0.5348519581903491,0.4390186472939934,0.7570511794438372,0.6412180705764525,0.7551932688216413,0.753442272895566,0.6546174436411634,0.7513313585098729,0.7094912229855642,0.3968212393447419,0.693010990622161,0.7474657523842513,0.6465111872516021,0.7456595381584726,0.5545983779974946,0.5720770950435551,0.5153882947235171,0.6995883862782689,0.6621762702034317,0.6924651957750442
rand_0186_circles_c4_f100,0.5592485218379497,0.4338948902734956,0.5559946717658021,0.5097914745902161,0.4160819547317754,0.5092111242091507,0.5199368614558834,0.4210903919894471,0.5172274961199568,0.5199157920233383,0.4252158141375906,0.5174641762787284,0.53821922587936,0.43677196904915744,0.5362879686109783,,,,0.5040751396235897,0.430076222097777,0.4942944548160952,0.5175254940099538,0.4107661873943289,0.5158806771992998,0.5244407050635989,0.4242560465350896,0.5225505224896624,0.5332917835005819,0.4160596047510336,0.5239702815228234,0.5748259913700614,0.4373353484281968,0.5679853803809837,0.5023315613897208,0.3749090431559909,0.44997333515187005,0.5081865142584472,0.3865513059826365,0.46386588484000263
rand_0195_s_curve_swiss_roll_c3_f2,0.7265255796398694,0.5460536983843474,0.709059796773066,0.6701389520555083,0.5415044076989078,0.66818802999718,0.6832578549655732,0.5481702648144057,0.6810043695221694,0.6653552526942831,0.5415040136376637,0.6614802287639256,0.6339793132646032,0.5349420465320183,0.6310289517426902,0.6765431889217477,0.540121513442585,0.6740505735846315,0.5615349355531233,0.5091080992888775,0.5393805805858746,0.7001352116244955,0.5420499735689247,0.6930948588127235,0.6878541362469527,0.5455397140967119,0.6846212195608453,0.7099978601929887,0.5398749192576866,0.6791862629562347,0.7361548465903445,0.5496260443139023,0.7164665688395133,0.6997494128828955,0.5299970995417415,0.6600101798006109,0.7255466602448278,0.5456203393787827,0.7025481970945789
rand_0202_moons_c5_f10,0.6004002930281939,0.5096247839045756,0.19219944282324694,0.5242524604614565,0.4750968203860091,0.14401102574505695,0.48861857633025085,0.449842364576873,0.14214305773924205,0.5202960838257816,0.4762222453156155,0.12359131097613722,0.5160521784440618,0.4732763222225774,0.1236427988520691,0.5492636070602828,0.4883137431155524,0.1627777109948744,0.5349595292690559,0.505637509322672,0.2876650151085201,0.5168362450034597,0.46363380876127064,0.16288378547778906,0.5352877158938032,0.47531822303851273,0.16325764366004886,0.20000000000000004,0.001593538280410184,0.0,0.5508394567541528,0.43699040849196874,0.0,0.5761660181571807,0.41713253924806687,0.0,0.5804452633792266,0.4323733448127968,0.0
rand_0205_moons_circles_c4_f20,0.9451400805567473,0.9164314400293664,0.9448619364714114,0.9474817078983747,0.9162187406644069,0.947317974606302,0.9469037489870823,0.9220624256404797,0.9465900447145984,0.9511058677725344,0.9199396340289915,0.9509312052111571,0.9495760641593974,0.9151268924973884,0.9494655820848155,0.9495760641593977,0.9150804933786728,0.9494617851490958,0.9500452833786168,0.9204068307620602,0.9498404243501523,0.9458014562181228,0.9184868152782903,0.945507154326206,0.9469037489870823,0.9220624256404797,0.9465900447145984,0.9329180370847037,0.872875146857036,0.9328080676571547,0.9414891081557748,0.9123946644005508,0.9411287996199631,0.9432110682110681,0.9140415144153181,0.9429076839631124,0.9436519853186519,0.9155025659900922,0.9433450736930983
rand_0226_gaussian_quantiles_swiss_roll_circles_moons_c7_f20,0.3491790346770076,0.32433349974954967,0.29745142156049353,0.35501721221157584,0.3322771847907728,0.3046426771442378,0.3591705882693328,0.3192897757676835,0.32615092438152476,0.3314450735340884,0.32017906866619406,0.26331185218363723,0.33091103068127614,0.31616029789055894,0.1715448108207284,0.3434903551425708,0.3058213286057192,0.31431046070827556,0.30520522272339423,0.31061826308706575,0.2077708944402489,0.3740542602511909,0.2895879201891061,0.36211027106762445,0.3533905210954988,0.3131120902547158,0.3236742741687772,0.3242168128126582,0.26718981930186153,0.3030404321451828,0.313782671635611,0.29978373630101224,0.241965685939192,0.2910232821822089,0.21594129597604914,0.0,0.3174000250691903,0.2910437134978437,0.11367870660499357
rand_0234_moons_c3_f20,0.6251466159067607,0.5117491813117697,0.5751954675187307,0.6008243367168876,0.5307049640522057,0.5788255751819738,0.5752773189427791,0.5057794386796569,0.5487010207808176,0.5730761670750241,0.5069747857429995,0.5504399488928856,0.5795960747761092,0.5034112848298744,0.5173601920024039,0.5762804442933991,0.49244838929212165,0.5581183409192755,0.503597716114386,0.4729127747503172,0.42128228958311986,0.5428976490512021,0.46375471879644153,0.5236514084472347,0.5657762359991355,0.49667043786729703,0.5388572955002379,0.5884512529587783,0.44490622335157753,0.2640396649236087,0.6103983525206615,0.5114273657849465,0.5607012237305025,0.5698210244981059,0.4037958777895523,0.09379752750544644,0.5703100375418911,0.47702609459053313,0.435105463483953
rand_0255_moons_gaussian_quantiles_circles_c7_f20,0.5946255039435931,0.5289773386108577,0.592742445020821,0.5904080300833291,0.5180471770176837,0.5898373367128883,0.5986315266908093,0.517875178750577,0.5984987311985689,0.5998159878900288,0.5239446523265777,0.5993218462761439,0.5740249623014084,0.5605846075384777,0.5222649519765427,0.5915720240623773,0.5086135226783942,0.5911980306124899,0.5917280720428914,0.5305837371500557,0.5877324661174098,0.5947686155513504,0.4895349658165678,0.5911071937804601,0.5971964151356279,0.5177335281606884,0.5969323154804625,0.6003111184768462,0.5053085214230574,0.5987149793793157,0.5936853765214132,0.524392496244622,0.5925948470308687,0.601720429398845,0.5169799096134744,0.6016519214819079,0.5978889740785953,0.5188593378839614,0.5975689991374242
rand_0265_gaussian_quantiles_c5_f100,0.26722339563839875,0.20670456828650033,0.10511729254157116,0.254353603725924,0.20935004542320726,0.16619159314765555,0.25716563355924077,0.22883065699263735,0.20615236869357378,0.2659379556756598,0.22208849432611388,0.17626250017003287,0.26483036991590336,0.21426551503781302,0.1572395832347964,,,,0.2577196725962628,0.23991870295156606,0.21167624590629544,0.23067193334296623,0.11211699841612345,0.0,0.2672028814273388,0.2381553923031948,0.21487330276023672,0.2596063962932023,0.2161696597214978,0.11558215429841563,0.26486785630230103,0.20977113787637647,0.1492334780793357,0.2519844941242171,0.12249813754472332,0.0,0.2562684906939284,0.15096613683730686,0.019459253619577937
rand_0267_moons_s_curve_circles_c4_f2,0.6687379838301365,0.6584360473753641,0.6685362096271551,0.6663866256630928,0.6551918837103535,0.665946304622638,0.6709585907897528,0.6581302887871326,0.6701025744753709,0.6587051873347537,0.6339891435491579,0.651462480897152,0.6673722097679962,0.6549392130141922,0.6663505106779294,0.6614520243839626,0.6410695733616008,0.6569021856768438,0.6361100960318025,0.6334397524853823,0.6164437317238797,0.6729548513932717,0.6581781153446599,0.6717231445326829,0.6688866440547651,0.6569303162393983,0.6683920668043601,0.6661321505876422,0.6534794963315556,0.6653670330934555,0.6666529538890709,0.6514210672722452,0.6649446875895069,0.6574365378672492,0.6177692976979045,0.6361679153124934,0.6593979703969043,0.6302524035374434,0.6481638257458869
rand_0286_swiss_roll_s_curve_c3_f5,0.9304816765662373,0.9223820563024541,0.9295030488445523,0.9378107921768627,0.9295277200436981,0.9370871344287779,0.9357565473041888,0.9273279294920078,0.9350239759798823,0.9374720478389845,0.9318718867025065,0.936577951812991,0.934968082250291,0.9253938052485733,0.9342031435746945,0.9393603549537662,0.9275352859379306,0.9389794976061662,0.9338369399869567,0.9264635960675262,0.933037508687013,0.931251606429472,0.9230840032234963,0.930231059061577,0.9339128568641023,0.926284618661137,0.9333046778288748,0.8995947219506427,0.8711423443721712,0.8983810373128547,0.9272805322053088,0.9185753698575465,0.9261014512464684,0.8902733249303404,0.879910785689697,0.8824358286042271,0.9209855735232625,0.9093546616796213,0.9182734296895464
rand_0298_swiss_roll_c4_f200,0.9686801803249736,0.9626668609326904,0.9686221318710206,0.9677617854589969,0.9631395324118529,0.9677062815636218,0.9667032068565576,0.9617991447055051,0.9666474386064688,0.9627516797772876,0.9562785246856689,0.9626287987998708,0.9632614861163047,0.9549944231487046,0.9631475993308379,0.9644816566600026,0.9578331712195901,0.9643589070361704,0.9641595506092417,0.9601684475692679,0.9641093826091808,0.9674904784407854,0.9604352241950068,0.967423326137156,0.9684198216841494,0.9640896942656162,0.9683722735154916,0.9648137718902863,0.9572932934077917,0.9646629872103762,0.9668051847476654,0.9607483161303793,0.9667315362984658,0.9645910154211554,0.9540776938262674,0.9644903763177979,0.9674059795560845,0.960035245439653,0.9673172509899209
rand_0305_swiss_roll_gaussian_quantiles_c2_f10,0.8520482733463034,0.8464613184890538,0.8466326103267751,0.8626967817769131,0.8546856021973485,0.8583064189862574,0.8789619811932554,0.8487502102344925,0.8767785814893211,0.8822877148184176,0.8505547764635635,0.8809512414967892,0.8532570322632944,0.8553431236352623,0.8461165981909325,0.877576706387808,0.8515357479528918,0.8759775065657308,0.8776548313878081,0.8455644087801361,0.8765203394784136,0.8311741042477303,0.7690729019323458,0.8280003662985451,0.8776649643320362,0.845928045352745,0.8755408004767583,0.7764913667315175,0.6565292521032168,0.7724525907414148,0.8548994811932555,0.8365045193209962,0.8508982112487712,0.8413914559014266,0.799527657557389,0.8387325529685107,0.8351458130674448,0.7737408999621723,0.8337212037897013
rand_0308_gaussian_quantiles_c3_f2,0.556229494325642,0.5548565487212817,0.5508674212625303,0.5549596530558008,0.5531793943674311,0.5489840409710388,0.5565469546431023,0.554896227733627,0.5507770599228671,0.557181875278023,0.5557367575620975,0.5517988190888491,0.5546421927383404,0.55299918142594,0.5489380578332239,0.550593244881688,0.5482468026434651,0.544881051245363,0.5498802879764356,0.5486819560777113,0.5446867748919774,0.5202794813874089,0.5124707855543071,0.49456042984589893,0.5457433083030027,0.5453555001523773,0.542042317751806,0.546391826716564,0.5448671459682665,0.5405927836871112,0.5371699879117898,0.5339893564156069,0.5286573676338643,0.5028894826093171,0.47267862666680455,0.4336823411942527,0.5320632769661741,0.5202187905793266,0.5052162877592289
rand_0318_gaussian_quantiles_c5_f10,0.3321219690951912,0.32711994970759045,0.18215405300410903,0.31745098355941204,0.31063132345976,0.20632235090956266,0.2921673685304063,0.2774126795758407,0.07752780604654012,0.2964638863234122,0.2987374435440054,0.17311907498778303,0.32166573549365474,0.31781414680396003,0.0,0.25591627741100964,0.24607833001396218,0.15782930421989647,0.3026428653777205,0.2976166250306589,0.07667155752033283,0.22171751378072713,0.19745386473808377,0.16056273924055392,0.2706420691297777,0.26144312091887195,0.08211930050870356,0.1854283269164744,0.1853178465980422,0.061183811729599656,0.32102326412247395,0.31469969514700363,0.0956204220682448,0.22211453554737137,0.1544725581626476,0.0,0.20558893842475934,0.1534452594776184,0.0
rand_0334_circles_c5_f200,0.9985011990407674,0.9987494223570317,0.9984994425898274,0.9985011990407674,0.9987494223570317,0.9984994425898274,0.9985011990407674,0.9987494223570317,0.9984994425898274,0.9985011990407674,0.9987494223570317,0.9984994425898274,0.9988009592326139,0.9989997191436041,0.9987998790148297,,,,0.9985011990407674,0.9987494223570317,0.9984994425898274,0.998201438848921,0.9984989732577875,0.9981987343994616,0.9985011990407674,0.9987494223570317,0.9984994425898274,0.998201438848921,0.9984989732577875,0.9981987343994616,0.9985011990407674,0.9987494223570317,0.9984994425898274,0.998201438848921,0.9984989732577875,0.9981987343994616,0.9985011990407674,0.9987494223570317,0.9984994425898274
rand_0338_gaussian_quantiles_circles_c3_f2,0.5936145580078516,0.46080511513788025,0.5466817870006134,0.5445938976771599,0.4688808525868942,0.5129796752686048,0.5896287876395863,0.46170433070768174,0.5598460992254463,0.586836011914159,0.47842496395893314,0.5457815964446019,0.5639480913138203,0.46460563661447424,0.46722874875499576,0.6028222453769484,0.46009747012340707,0.5748580559766164,0.5130803153252713,0.4676976812281359,0.36114619248360813,0.5993300916716661,0.44792906525204895,0.5870254625478067,0.5959216107269532,0.46112000213746734,0.5669054687986358,0.575580183764327,0.41587464178172345,0.5290718428743904,0.5711060591708502,0.4388305099884873,0.4698593664669876,0.5712102554387294,0.36734279541573917,0.0,0.5853483207561071,0.4451541343013103,0.38298336487547213
rand_0353_gaussian_quantiles_circles_moons_c7_f5,0.2986867937580451,0.27336172116078294,0.26614587092155156,0.28620724089499466,0.26367981224037684,0.25034896239988436,0.2832613775996855,0.25691693961243556,0.24589153021573082,0.2817520183708206,0.25535794299143905,0.24285021760604142,0.2821057577053238,0.26214022588462976,0.2431610887515233,0.2926100803237634,0.26630704356853746,0.2591729671730259,0.2639644935961849,0.23463958591781353,0.1535470478585791,0.28767454555701183,0.2592237993805831,0.2509518848141475,0.2867087433992867,0.26054839103185645,0.2509459484726742,0.2859606748715355,0.26362478828416874,0.25153440637591423,0.29307866624835266,0.26928198467466036,0.2560178894090523,0.2843625697467802,0.17992692668699206,0.0,0.29410915631712914,0.26399498053889103,0.22192191081311977
rand_0355_moons_s_curve_c2_f200,0.8824131384588112,0.77635377197308,0.881135294359804,0.8767615086891212,0.7933349977831488,0.8742042660522226,0.8742847512370536,0.7688688128859932,0.8726377778898012,0.8637936330647396,0.7683843142580633,0.8612659847962639,0.8680840038092695,0.7888630867297378,0.8649206140722935,0.8768539934496055,0.7627791153163009,0.8757652176241425,0.7311954248191522,0.7714399572816409,0.685109134179373,0.8831946785614084,0.7342753896344864,0.8829716723342957,0.8747578991620776,0.7655391202587069,0.8733579036591763,0.8604595658417239,0.7041887869759869,0.8601880906755643,0.8766631180508092,0.7669476117550627,0.8753845666181067,0.8780490961575564,0.7529043252432569,0.8772979449940809,0.8781807442288029,0.7532864870436874,0.8774239325937269
rand_0363_circles_c2_f500,0.7963308304194948,0.6590929160244648,0.794960885777282,0.7957560143687922,0.6446817026082138,0.7952535569824399,0.7895274305119178,0.6330154800457065,0.7892581428843878,0.7875583915389197,0.6549256216321281,0.785384747146488,0.7708420647394082,0.7018946666914653,0.7582387073041641,0.7750801843959647,0.5661392832316566,0.7711122271279435,0.6321010176755409,0.6603825401410006,0.531113940677626,0.7799840279991349,0.606399159445148,0.7795324882251998,0.7948879302235164,0.6480693428004279,0.7940960851229525,0.792339594427247,0.6301942757695803,0.7919345508064338,0.7974251737710221,0.653584732993213,0.7965252091009095,0.7865425387243502,0.6240858973864142,0.7863531474815925,0.7871181680570931,0.6214012694983017,0.7870165758453993
rand_0395_s_curve_circles_gaussian_quantiles_c4_f200,0.6218425020910904,0.504345947393737,0.604402970832779,0.6002221347340893,0.5216219294712067,0.594433067821444,0.6181504013201377,0.4926570789881823,0.5975713561683355,0.6090513867493171,0.5220640085430537,0.6025901665343959,0.6018395271983753,0.5103536833304888,0.5841794104044554,0.6171766785279674,0.4937286976976221,0.598184412990553,0.5966026594971027,0.5015291261150697,0.5817138535171877,0.5745094761706727,0.353414446205016,0.4776851079901597,0.6164928286450231,0.4936123378741832,0.5968322995245683,0.626301126624768,0.4639071857435617,0.5929758885274877,0.6192803639696578,0.5007290939408596,0.6002323046443082,0.500937307036734,0.39636054952830313,0.0,0.5105810575949117,0.4043481777899829,0.0
rand_0398_circles_swiss_roll_c7_f50,0.4228478734131995,0.4044654909138495,0.3177455987483308,0.4026948687549832,0.38692269814122165,0.28751260705920906,0.41145687687437427,0.3924398781684631,0.2907905441989496,0.42175429310857254,0.40311001530000895,0.3139047118167204,0.42303712520125164,0.3993379781569438,0.31266794605810844,0.40873084983019886,0.3908714495669648,0.28752714876684154,0.40450657659337635,0.3890823182186726,0.28747294905558446,0.40944116742028625,0.39053550947433074,0.2920986848453821,0.4108934726168411,0.3919641440267309,0.2915035481536739,0.3718468679612528,0.32163296992755747,0.2776927449553636,0.3904473871025393,0.3739071936730681,0.2543444839481321,0.4087858131423141,0.3089735807142746,0.0,0.4067385647568768,0.3572422729162102,0.056736124885334804
s_curve_x_classification_f50,0.9819229209249171,0.9797596141624827,0.9817902415058191,0.980922918926911,0.9781952484217479,0.9807870062218549,0.9821831811851772,0.9807762959703643,0.9820470935060416,0.9782202162242082,0.9762733899376043,0.978064183967772,0.9701444758131386,0.9722100191615866,0.9700405077238168,0.9784794774814735,0.9781899793496541,0.9783126880164835,0.9811087734441027,0.9806265654022656,0.9809271526252409,0.961850792908677,0.9428497270568288,0.9610313455242087,0.9825902549255843,0.9807997746038121,0.9824622412103606,0.9782926239612867,0.9747541588389389,0.9780765175917566,0.9797741054427681,0.9776270499832957,0.9795996054627613,0.9355555555555556,0.9258708721613123,0.930990504536232,0.9808885532238826,0.9811956387364319,0.9806210166561371
s_curve_x_swiss_roll_c4_power_law,0.972857792685008,0.9713287254348094,0.9725898068922744,0.9726203497626337,0.9708096742606299,0.9724537419960394,0.9722627730234858,0.971712092905003,0.9720498312509598,0.9727629889693462,0.9704668172923063,0.972682015394598,0.973787667749879,0.9702516961737232,0.9736687220148618,0.9751435064731514,0.9714454986162161,0.9749596873189669,0.9710480514369108,0.9714253919841163,0.9707579449064898,0.9689528123465304,0.9657588649691874,0.9686064659121975,0.9745716435221466,0.9730694877742375,0.9743721291769232,0.93281341581072,0.9177251826925049,0.9320806413886867,0.9667142827288591,0.9669680550639151,0.9662637963557147,0.930666882612527,0.9400538548001921,0.9275933142780421,0.9595004318917205,0.9590342778479436,0.9584773714864371
